<?xml version="1.0" encoding="utf-8"?>
<COLLADA xmlns="http://www.collada.org/2005/11/COLLADASchema" version="1.4.1" xmlns:xsi="http://www.w3.org/2001/XMLSchema-instance">
  <asset>
    <contributor>
      <author>Blender User</author>
      <authoring_tool>Blender 4.1.0 commit date:2024-03-25, commit time:20:42, hash:40a5e739e270</authoring_tool>
    </contributor>
    <created>2025-04-13T04:11:46</created>
    <modified>2025-04-13T04:11:46</modified>
    <unit name="meter" meter="1"/>
    <up_axis>Z_UP</up_axis>
  </asset>
  <library_effects>
    <effect id="Material_003-effect">
      <profile_COMMON>
        <technique sid="common">
          <lambert>
            <emission>
              <color sid="emission">0 0 0 1</color>
            </emission>
            <diffuse>
              <color sid="diffuse">0 0.8008761 0.006802278 1</color>
            </diffuse>
            <index_of_refraction>
              <float sid="ior">1.5</float>
            </index_of_refraction>
          </lambert>
        </technique>
      </profile_COMMON>
    </effect>
    <effect id="Material_002-effect">
      <profile_COMMON>
        <technique sid="common">
          <lambert>
            <emission>
              <color sid="emission">0 0 0 1</color>
            </emission>
            <diffuse>
              <color sid="diffuse">0.8000627 0.02928843 0.02047908 1</color>
            </diffuse>
            <index_of_refraction>
              <float sid="ior">1.5</float>
            </index_of_refraction>
          </lambert>
        </technique>
      </profile_COMMON>
    </effect>
  </library_effects>
  <library_images/>
  <library_materials>
    <material id="Material_003-material" name="Material.003">
      <instance_effect url="#Material_003-effect"/>
    </material>
    <material id="Material_002-material" name="Material.002">
      <instance_effect url="#Material_002-effect"/>
    </material>
  </library_materials>
  <library_geometries>
    <geometry id="Cylinder_005-mesh" name="Cylinder.005">
      <mesh>
        <source id="Cylinder_005-mesh-positions">
          <float_array id="Cylinder_005-mesh-positions-array" count="405">0 0.01999998 -0.005499899 0 0.01999998 0.005499899 0.01902109 0.006180286 -0.005499899 0.01902109 0.006180286 0.005499899 0.0117557 -0.01618027 -0.005499899 0.0117557 -0.01618027 0.005499899 -0.0117557 -0.01618027 -0.005499899 -0.0117557 -0.01618027 0.005499899 -0.01902109 0.006180286 -0.005499899 -0.01902109 0.006180286 0.005499899 -0.03069543 -0.02259796 -0.007546961 -0.03069543 -0.02259796 0.00330919 -0.01192283 -0.03623718 0.00330919 -0.01192283 -0.03623718 -0.007546961 -0.03090626 0.0221877 -0.007546961 -0.03090626 0.0221877 0.00330919 -0.03807675 1.19243e-4 0.00330919 -0.03807675 1.19243e-4 -0.007546961 0.0116223 0.03622782 -0.007546961 0.0116223 0.03622782 0.00330919 -0.01158177 0.03622782 0.00330919 -0.01158177 0.03622782 -0.007546961 0.03811728 1.19243e-4 -0.007546961 0.03811728 1.19243e-4 0.00330919 0.03094685 0.0221877 0.00330919 0.03094685 0.0221877 -0.007546961 0.01196336 -0.03623718 -0.007546961 0.01196336 -0.03623718 0.00330919 0.03073602 -0.02259796 0.00330919 0.03073602 -0.02259796 -0.007546961 -0.03584027 -0.03039121 -0.01172006 -0.03584027 -0.03039121 -0.001156747 -0.01757425 -0.04366225 -0.001156747 -0.01757425 -0.04366225 -0.01172006 -0.03976285 0.02462708 -0.01172006 -0.03976285 0.02462708 -0.001156747 -0.04673975 0.003154098 -0.001156747 -0.04673975 0.003154098 -0.01172006 0.01135057 0.04535937 -0.01172006 0.01135057 0.04535937 -0.001156747 -0.0112273 0.04535937 -0.001156747 -0.0112273 0.04535937 -0.01172006 0.04686301 0.003154098 -0.01172006 0.04686301 0.003154098 -0.001156747 0.03988599 0.02462708 -0.001156747 0.03988599 0.02462708 -0.01172006 0.01769751 -0.04366225 -0.01172006 0.01769751 -0.04366225 -0.001156747 0.03596341 -0.03039121 -0.001156747 0.03596341 -0.03039121 -0.01172006 -0.04126888 -0.03902626 -0.0185368 -0.04126888 -0.03902626 -0.008452117 -0.02383053 -0.05169606 -0.008452117 -0.02383053 -0.05169606 -0.0185368 -0.04941588 0.02704769 -0.0185368 -0.04941588 0.02704769 -0.008452117 -0.05607682 0.00654757 -0.008452117 -0.05607682 0.00654757 -0.0185368 0.01090657 0.05521392 -0.0185368 0.01090657 0.05521392 -0.008452117 -0.01064831 0.05521392 -0.008452117 -0.01064831 0.05521392 -0.0185368 0.05633509 0.00654757 -0.0185368 0.05633509 0.00654757 -0.008452117 0.04967421 0.02704769 -0.008452117 0.04967421 0.02704769 -0.0185368 0.02408874 -0.05169606 -0.0185368 0.02408874 -0.05169606 -0.008452117 0.04152715 -0.03902626 -0.008452117 0.04152715 -0.03902626 -0.0185368 -0.04771554 -0.04889219 -0.02435547 -0.04771554 -0.04889219 -0.01467931 -0.0309835 -0.06104868 -0.01467931 -0.0309835 -0.06104868 -0.02435547 -0.06058883 0.03006684 -0.02435547 -0.06058883 0.03006684 -0.01467931 -0.06697994 0.01039719 -0.01467931 -0.06697994 0.01039719 -0.02435547 0.01052767 0.06670987 -0.02435547 0.01052767 0.06670987 -0.01467931 -0.01015406 0.06670987 -0.01467931 -0.01015406 0.06670987 -0.02435547 0.06735342 0.01039731 -0.02435547 0.06735342 0.01039731 -0.01467931 0.06096231 0.03006684 -0.01467931 0.06096231 0.03006684 -0.02435547 0.03135704 -0.06104868 -0.02435547 0.03135704 -0.06104868 -0.01467931 0.04808902 -0.04889219 -0.01467931 0.04808902 -0.04889219 -0.02435547 0.01676505 0.005447268 0.005499899 0 0.01762789 0.005499899 -0.01676505 0.005447268 0.005499899 -0.01036137 -0.01426118 0.005499899 0.01036137 -0.01426118 0.005499899 0.01660645 0.00539577 0.005499899 0 0.01746112 0.005499899 -0.01660645 0.00539577 0.005499899 -0.01026338 -0.01412636 0.005499899 0.01026338 -0.01412636 0.005499899 0.01131194 0.003675401 0.005499899 0 0.0118941 0.005499899 -0.01131194 0.003675401 0.005499899 -0.006991147 -0.009622573 0.005499899 0.006991147 -0.009622573 0.005499899 0.01131194 0.003675401 0.005499899 0 0.0118941 0.005499899 0.006991147 -0.009622573 0.005499899 -0.01131194 0.003675401 0.005499899 -0.006991147 -0.009622573 0.005499899 0.01131194 0.003675401 0.005499899 0 0.0118941 0.005499899 0.006991147 -0.009622573 0.005499899 -0.01131194 0.003675401 0.005499899 -0.006991147 -0.009622573 0.005499899 0.008219897 7.22439e-4 0.0294196 -0.003400564 0.008498668 0.02938663 0.004417598 -0.01273 0.02913111 -0.01438474 -1.47741e-4 0.02907788 -0.009552836 -0.01326775 0.02891999 0.008219897 7.22439e-4 0.0294196 -0.003400564 0.008498668 0.02938663 0.004417598 -0.01273 0.02913111 -0.01438474 -1.47741e-4 0.02907788 -0.009552836 -0.01326775 0.02891999 0.008219897 7.22439e-4 0.0294196 -0.003400564 0.008498668 0.02938663 0.004417598 -0.01273 0.02913111 -0.01438474 -1.47741e-4 0.02907788 -0.009552836 -0.01326775 0.02891999 0.007589936 -3.45554e-5 0.07302486 -0.004030466 0.00774163 0.07299202 0.003787696 -0.01348698 0.07273638 -0.01501464 -9.04736e-4 0.07268321 -0.01018267 -0.01402479 0.07252526</float_array>
          <technique_common>
            <accessor source="#Cylinder_005-mesh-positions-array" count="135" stride="3">
              <param name="X" type="float"/>
              <param name="Y" type="float"/>
              <param name="Z" type="float"/>
            </accessor>
          </technique_common>
        </source>
        <source id="Cylinder_005-mesh-normals">
          <float_array id="Cylinder_005-mesh-normals-array" count="375">0.4254747 -0.6691229 0.6092995 -0.6926546 0.3317412 0.6404511 0.5385851 -0.5485643 0.6395337 -0.3279321 0.7124046 -0.6204356 -0.4295045 0.5416078 -0.722625 0.783719 -0.07783424 -0.6162194 0.6518956 -0.2376117 -0.7201201 0 0 1 0.7029858 0.04089176 0.7100275 -0.766699 0.1298112 0.6287463 0.3726854 -0.6781826 0.6333829 -0.8046981 -0.2623072 0.5325937 0.4979956 0.684317 0.5326451 0.8047443 -0.2621548 0.5325989 2.57413e-4 -0.846372 0.5325923 2.6161e-4 -0.8035507 -0.5952364 -0.7639327 -0.2490766 -0.595288 -0.0219742 -0.69361 -0.7200155 -0.4724677 0.6498812 -0.5953392 -0.4976677 0.6845724 0.5326232 0.3846188 0.5744919 -0.7225147 -0.3569332 -0.6820932 0.638238 -0.665422 -0.1905823 -0.7217285 0.6659091 -0.1926519 -0.720729 0.4728129 0.649636 -0.5953326 0.7584429 0.1325978 0.6381083 -0.3828217 0.5752449 -0.7228699 0.02276718 -0.6938321 -0.7197769 0.7640158 -0.2489337 -0.5952411 0.3548756 -0.6826332 0.6388077 0.4294753 0.5426534 -0.7218576 -0.650296 -0.239481 -0.7209466 -0.5357812 -0.5504946 0.6402299 -0.0794748 0.9087885 -0.4096183 -0.3537325 0.7312433 -0.5832295 0.1742019 -0.7705321 -0.6131348 0.1003068 0.7625246 0.639136 0.5818591 0.5294223 -0.6173752 -0.5091999 -0.6110698 0.6060605 0.8861566 0.2170108 -0.40943 0.8104752 -0.09015244 -0.578794 -0.6818208 -0.3958647 -0.6151517 -0.7573201 0.1372221 0.638464 0.6800789 -0.4014627 -0.6134496 0.7373021 0.3030762 0.6037635 -0.5774749 0.5317566 -0.6194818 -0.09950917 0.7619615 0.6399319 -0.1727807 -0.7699581 -0.6142567 0.504765 -0.6125617 0.6082602 -0.1857444 0.681602 0.7077555 0.3255452 0.7138451 -0.6200367 0.6907532 0.3354653 0.6405646 -0.7812824 -0.08396136 -0.6185051 -0.4208122 -0.6723582 0.6089758 -0.7760083 0.1778842 0.6051185 0.1704303 -0.8005332 -0.5745434 -0.07446336 0.7951835 0.6017794 0.5918579 0.5607094 -0.579059 -0.5352647 -0.5620374 0.6305599 -0.7140151 -0.3974224 -0.5764009 -0.735183 0.3115422 0.6020361 0.710999 -0.4053819 -0.5745835 0.6988214 0.3419405 0.6282717 -0.5868983 0.5631052 -0.5817757 0.07501095 0.7941817 0.6030331 -0.1699264 -0.7994136 -0.5762491 0.5307516 -0.56403 0.6325923 0.3492501 0.7334933 -0.5831056 0.7724567 0.1851917 0.6074659 -0.8076055 -0.09812504 -0.5815023 -0.3699194 -0.6802588 0.6327778 0.4815168 -0.7764142 -0.4065988 0.5884355 0.3876503 0.7095569 0.25392 -0.6548377 0.7118373 -0.1189941 0.7707946 0.6258723 0.841185 0.3562502 -0.4068091 -0.5961146 -0.6927517 -0.4058849 0.5460721 -0.4418978 0.7117104 -0.5485407 -0.4403365 0.710779 -0.6973565 0.3483304 0.6263864 0.5924391 -0.6959509 -0.4057934 -0.8398631 0.3576527 -0.4083068 -0.2557139 -0.6548608 0.7111735 -0.5894843 0.3882789 0.7083416 0.1180356 0.7701606 0.6268336 -0.4820697 -0.7753098 -0.4080485 0.07584875 0.9087294 -0.4104363 -0.7043739 0.03922146 0.7087447 0.1830293 0.6821844 0.7079017 0.7636684 0.1361234 0.6310952 -0.8867036 0.2129691 -0.4103667 0 0 1 2.14488e-7 0 1 -2.57932e-7 0 1 -1.82952e-7 0 1 1.82952e-7 0 1 4.47279e-7 0 1 1.38237e-6 0 1 -2.96931e-6 0 1 0 0 1 1.57407e-7 0 1 0 0 1 -0.4120318 -0.5834191 0.6998943 -0.6277465 0.1421937 0.7653205 -0.6145985 0.2465642 0.7493163 0.02417045 0.5680644 0.8226292 0.5253787 0.1860957 0.8302684 0.4099223 -0.4893683 0.7697287 0.3651008 -0.523746 0.7696698 -0.3660259 -0.5467078 0.7530841 0.5672948 0.1837629 0.8027502 -0.05141109 0.5994262 0.7987774 0.584562 0.2151404 0.7823055 0.4882594 -0.641403 0.5917813 0.3899492 -0.4952741 0.776301 -0.607877 0.1719273 0.7751945 -0.3535707 -0.5284243 0.771852 -0.02415096 0.6232634 0.7816389 -0.03969824 0.7921286 0.609062 -0.4551576 -0.6777319 0.5775041 0.7450296 0.2670247 0.6112519 -0.7814442 0.2082751 0.5881893 -4.47279e-7 0 1 5.25388e-6 0 1 0 0 1</float_array>
          <technique_common>
            <accessor source="#Cylinder_005-mesh-normals-array" count="125" stride="3">
              <param name="X" type="float"/>
              <param name="Y" type="float"/>
              <param name="Z" type="float"/>
            </accessor>
          </technique_common>
        </source>
        <source id="Cylinder_005-mesh-map-0">
          <float_array id="Cylinder_005-mesh-map-0-array" count="1596">1 0.5 0.8 0.5 1 0.5 0.8 0.5 0.8 1 0.8 1 0.8 1 1 1 1 1 0.1661052 0.1345286 0.1142553 0.2941061 0.1142553 0.2941061 1 1 1 0.5 1 1 1 0.5 0.8 0.5 1 0.5 0.9782536 0.3241641 0.6089316 0.0558359 0.5217465 0.3241641 1 1 1 0.5 1 1 0.8 1 1 1 1 1 0.8 0.5 0.8 1 0.8 1 1 0.5 0.8 0.5 1 0.5 0.8 1 0.8 0.5 0.8 1 0.6 1 0.8 1 0.8 1 0.6 0.5 0.6 1 0.6 1 0.8 0.5 0.6 0.5 0.8 0.5 0.6 1 0.6 0.5 0.6 1 0.4 1 0.6 1 0.4 1 0.4 0.5 0.4 1 0.4 1 0.6 0.5 0.4 0.5 0.4 0.5 0.4 1 0.4 0.5 0.4 1 0.2 1 0.4 1 0.2 1 0.2 0.5 0.2 1 0.2 1 0.4 0.5 0.2 0.5 0.2 0.5 0.2 1 0.2 0.5 0.2 1 0 1 0.2 1 0 1 0 0.5 0 1 0 1 0.2 0.5 0 0.5 0 0.5 0.8 0.5 0.8 1 0.8 1 0.8 1 0.8 0.5 0.8 1 0.6 1 0.8 1 0.8 1 0.6 0.5 0.6 1 0.6 1 0.8 0.5 0.6 0.5 0.8 0.5 0.8 1 1 1 1 1 0.6 1 0.6 0.5 0.6 1 0.4 1 0.6 1 0.4 1 0.4 0.5 0.4 1 0.4 1 0.6 0.5 0.4 0.5 0.4 0.5 1 1 1 0.5 1 1 0.4 1 0.4 0.5 0.4 1 0.2 1 0.4 1 0.2 1 0.2 0.5 0.2 1 0.2 1 0.4 0.5 0.2 0.5 0.2 0.5 1 1 0.8 0.5 1 0.5 0.2 1 0.2 0.5 0.2 1 0 1 0.2 1 0 1 0 0.5 0 1 0 1 0.2 0.5 0 0.5 0 0.5 1 1 1 0.5 1 1 0.8 1 1 1 1 1 0.8 0.5 0.8 1 0.8 1 1 0.5 0.8 0.5 1 0.5 0.8 1 0.8 0.5 0.8 1 0.6 1 0.8 1 0.8 1 0.6 0.5 0.6 1 0.6 1 0.8 0.5 0.6 0.5 0.8 0.5 0.6 1 0.6 0.5 0.6 1 0.4 1 0.6 1 0.4 1 0.4 0.5 0.4 1 0.4 1 0.6 0.5 0.4 0.5 0.4 0.5 0.4 1 0.4 0.5 0.4 1 0.2 1 0.4 1 0.2 1 0.2 0.5 0.2 1 0.2 1 0.4 0.5 0.2 0.5 0.2 0.5 0.2 1 0.2 0.5 0.2 1 0 1 0.2 1 0 1 0 0.5 0 1 0 1 0.2 0.5 0 0.5 0 0.5 0.8 1 0.6 0.5 0.8 0.5 0.8 1 0.8 0.5 0.8 1 0.6 1 0.8 1 0.8 1 0.6 0.5 0.6 1 0.6 1 0.8 0.5 0.6 0.5 0.8 0.5 0.6 1 0.4 0.5 0.6 0.5 0.6 1 0.6 0.5 0.6 1 0.4 1 0.6 1 0.4 1 0.4 0.5 0.4 1 0.4 1 0.6 0.5 0.4 0.5 0.4 0.5 0.4 1 0.2 0.5 0.4 0.5 0.4 1 0.4 0.5 0.4 1 0.2 1 0.4 1 0.2 1 0.2 0.5 0.2 1 0.2 1 0.4 0.5 0.2 0.5 0.2 0.5 0.2 1 0 0.5 0.2 0.5 0.2 1 0.2 0.5 0.2 1 0 1 0.2 1 0 1 0 0.5 0 1 0 1 0.2 0.5 0 0.5 0 0.5 0.25 0.49 0.4511815 0.3153678 0.4782536 0.3241641 0.02174639 0.3241641 0.25 0.4615347 0.25 0.49 0.1089316 0.0558359 0.04881846 0.3153678 0.02174639 0.3241641 0.3910685 0.0558359 0.125663 0.07886481 0.1089316 0.0558359 0.3910685 0.0558359 0.4511815 0.3153678 0.374337 0.07886481 0.4511815 0.3153678 0.25 0.4595337 0.4492784 0.3147495 0.04881846 0.3153678 0.25 0.4595337 0.25 0.4615347 0.125663 0.07886481 0.05072158 0.3147495 0.04881846 0.3153678 0.374337 0.07886481 0.1268392 0.08048367 0.125663 0.07886481 0.4511815 0.3153678 0.3731607 0.08048367 0.374337 0.07886481 0.25 0.4595337 0.3857446 0.2941061 0.4492784 0.3147495 0.25 0.4595337 0.1142553 0.2941061 0.25 0.3927304 0.1268392 0.08048367 0.1142553 0.2941061 0.05072158 0.3147495 0.3731607 0.08048367 0.1661052 0.1345286 0.1268392 0.08048367 0.4492784 0.3147495 0.3338948 0.1345286 0.3731607 0.08048367 0.3338948 0.1345286 0.1661052 0.1345286 0.1661052 0.1345286 0.3857446 0.2941061 0.3338948 0.1345286 0.3338948 0.1345286 0.3338948 0.1345286 0.1661052 0.1345286 0.1661052 0.1345286 0.1142553 0.2941061 0.25 0.3927304 0.25 0.3927304 0.25 0.3927304 0.3857446 0.2941061 0.3857446 0.2941061 0.1661052 0.1345286 0.1142553 0.2941061 0.1142553 0.2941061 0.1142553 0.2941061 0.25 0.3927304 0.25 0.3927304 0.25 0.3927304 0.3857446 0.2941061 0.3857446 0.2941061 0.1661052 0.1345286 0.1142553 0.2941061 0.1142553 0.2941061 0.3857446 0.2941061 0.3338948 0.1345286 0.3338948 0.1345286 0.3338948 0.1345286 0.1661052 0.1345286 0.1661052 0.1345286 0.3338948 0.1345286 0.3857446 0.2941061 0.3338948 0.1345286 0.1661052 0.1345286 0.3338948 0.1345286 0.1661052 0.1345286 0.1142553 0.2941061 0.25 0.3927304 0.25 0.3927304 0.25 0.3927304 0.3857446 0.2941061 0.3857446 0.2941061 0.25 0.3927304 0.3857446 0.2941061 0.3857446 0.2941061 0.1142553 0.2941061 0.25 0.3927304 0.25 0.3927304 0.25 0.3927304 0.3857446 0.2941061 0.3857446 0.2941061 0.1661052 0.1345286 0.1142553 0.2941061 0.1142553 0.2941061 0.3857446 0.2941061 0.3338948 0.1345286 0.3338948 0.1345286 0.3857446 0.2941061 0.3338948 0.1345286 0.3338948 0.1345286 0.1661052 0.1345286 0.1142553 0.2941061 0.1142553 0.2941061 0.3857446 0.2941061 0.3338948 0.1345286 0.3338948 0.1345286 0.3338948 0.1345286 0.1661052 0.1345286 0.1661052 0.1345286 0.1142553 0.2941061 0.25 0.3927304 0.25 0.3927304 0.25 0.3927304 0.1661052 0.1345286 0.3338948 0.1345286 0.1661052 0.1345286 0.3338948 0.1345286 0.1661052 0.1345286 0.1142553 0.2941061 0.25 0.3927304 0.25 0.3927304 0.3857446 0.2941061 0.25 0.3927304 0.3857446 0.2941061 0.1661052 0.1345286 0.1142553 0.2941061 0.1142553 0.2941061 1 0.5 0.8 0.5 0.8 0.5 0.8 0.5 0.8 0.5 0.8 1 0.8 1 0.8 1 1 1 0.1661052 0.1345286 0.1661052 0.1345286 0.1142553 0.2941061 1 1 1 0.5 1 0.5 1 0.5 0.8 0.5 0.8 0.5 0.5217465 0.3241641 0.75 0.49 0.9782536 0.3241641 0.9782536 0.3241641 0.8910685 0.0558359 0.6089316 0.0558359 1 1 1 0.5 1 0.5 0.8 1 0.8 1 1 1 0.8 0.5 0.8 0.5 0.8 1 1 0.5 0.8 0.5 0.8 0.5 0.8 1 0.8 0.5 0.8 0.5 0.6 1 0.6 1 0.8 1 0.6 0.5 0.6 0.5 0.6 1 0.8 0.5 0.6 0.5 0.6 0.5 0.6 1 0.6 0.5 0.6 0.5 0.4 1 0.6 1 0.6 1 0.4 0.5 0.4 0.5 0.4 1 0.6 0.5 0.6 0.5 0.4 0.5 0.4 1 0.4 0.5 0.4 0.5 0.2 1 0.4 1 0.4 1 0.2 0.5 0.2 0.5 0.2 1 0.4 0.5 0.4 0.5 0.2 0.5 0.2 1 0.2 0.5 0.2 0.5 0 1 0.2 1 0.2 1 0 0.5 0 0.5 0 1 0.2 0.5 0.2 0.5 0 0.5 0.8 0.5 0.8 0.5 0.8 1 0.8 1 0.8 0.5 0.8 0.5 0.6 1 0.6 1 0.8 1 0.6 0.5 0.6 0.5 0.6 1 0.8 0.5 0.6 0.5 0.6 0.5 0.8 1 0.8 1 1 1 0.6 1 0.6 0.5 0.6 0.5 0.4 1 0.6 1 0.6 1 0.4 0.5 0.4 0.5 0.4 1 0.6 0.5 0.6 0.5 0.4 0.5 1 1 1 0.5 1 0.5 0.4 1 0.4 0.5 0.4 0.5 0.2 1 0.4 1 0.4 1 0.2 0.5 0.2 0.5 0.2 1 0.4 0.5 0.4 0.5 0.2 0.5 1 1 0.8 1 0.8 0.5 0.2 1 0.2 0.5 0.2 0.5 0 1 0.2 1 0.2 1 0 0.5 0 0.5 0 1 0.2 0.5 0.2 0.5 0 0.5 1 1 1 0.5 1 0.5 0.8 1 0.8 1 1 1 0.8 0.5 0.8 0.5 0.8 1 1 0.5 0.8 0.5 0.8 0.5 0.8 1 0.8 0.5 0.8 0.5 0.6 1 0.6 1 0.8 1 0.6 0.5 0.6 0.5 0.6 1 0.8 0.5 0.6 0.5 0.6 0.5 0.6 1 0.6 0.5 0.6 0.5 0.4 1 0.6 1 0.6 1 0.4 0.5 0.4 0.5 0.4 1 0.6 0.5 0.6 0.5 0.4 0.5 0.4 1 0.4 0.5 0.4 0.5 0.2 1 0.4 1 0.4 1 0.2 0.5 0.2 0.5 0.2 1 0.4 0.5 0.4 0.5 0.2 0.5 0.2 1 0.2 0.5 0.2 0.5 0 1 0.2 1 0.2 1 0 0.5 0 0.5 0 1 0.2 0.5 0.2 0.5 0 0.5 0.8 1 0.6 1 0.6 0.5 0.8 1 0.8 0.5 0.8 0.5 0.6 1 0.6 1 0.8 1 0.6 0.5 0.6 0.5 0.6 1 0.8 0.5 0.6 0.5 0.6 0.5 0.6 1 0.4 1 0.4 0.5 0.6 1 0.6 0.5 0.6 0.5 0.4 1 0.6 1 0.6 1 0.4 0.5 0.4 0.5 0.4 1 0.6 0.5 0.6 0.5 0.4 0.5 0.4 1 0.2 1 0.2 0.5 0.4 1 0.4 0.5 0.4 0.5 0.2 1 0.4 1 0.4 1 0.2 0.5 0.2 0.5 0.2 1 0.4 0.5 0.4 0.5 0.2 0.5 0.2 1 0 1 0 0.5 0.2 1 0.2 0.5 0.2 0.5 0 1 0.2 1 0.2 1 0 0.5 0 0.5 0 1 0.2 0.5 0.2 0.5 0 0.5 0.25 0.49 0.25 0.4615347 0.4511815 0.3153678 0.02174639 0.3241641 0.04881846 0.3153678 0.25 0.4615347 0.1089316 0.0558359 0.125663 0.07886481 0.04881846 0.3153678 0.3910685 0.0558359 0.374337 0.07886481 0.125663 0.07886481 0.3910685 0.0558359 0.4782536 0.3241641 0.4511815 0.3153678 0.4511815 0.3153678 0.25 0.4615347 0.25 0.4595337 0.04881846 0.3153678 0.05072158 0.3147495 0.25 0.4595337 0.125663 0.07886481 0.1268392 0.08048367 0.05072158 0.3147495 0.374337 0.07886481 0.3731607 0.08048367 0.1268392 0.08048367 0.4511815 0.3153678 0.4492784 0.3147495 0.3731607 0.08048367 0.25 0.4595337 0.25 0.3927304 0.3857446 0.2941061 0.25 0.4595337 0.05072158 0.3147495 0.1142553 0.2941061 0.1268392 0.08048367 0.1661052 0.1345286 0.1142553 0.2941061 0.3731607 0.08048367 0.3338948 0.1345286 0.1661052 0.1345286 0.4492784 0.3147495 0.3857446 0.2941061 0.3338948 0.1345286 0.3338948 0.1345286 0.3338948 0.1345286 0.1661052 0.1345286 0.3857446 0.2941061 0.3857446 0.2941061 0.3338948 0.1345286 0.3338948 0.1345286 0.3338948 0.1345286 0.1661052 0.1345286 0.1142553 0.2941061 0.1142553 0.2941061 0.25 0.3927304 0.25 0.3927304 0.25 0.3927304 0.3857446 0.2941061 0.1661052 0.1345286 0.1661052 0.1345286 0.1142553 0.2941061 0.1142553 0.2941061 0.1142553 0.2941061 0.25 0.3927304 0.25 0.3927304 0.25 0.3927304 0.3857446 0.2941061 0.1661052 0.1345286 0.1661052 0.1345286 0.1142553 0.2941061 0.3857446 0.2941061 0.3857446 0.2941061 0.3338948 0.1345286 0.3338948 0.1345286 0.3338948 0.1345286 0.1661052 0.1345286 0.3338948 0.1345286 0.3857446 0.2941061 0.3857446 0.2941061 0.1661052 0.1345286 0.3338948 0.1345286 0.3338948 0.1345286 0.1142553 0.2941061 0.1142553 0.2941061 0.25 0.3927304 0.25 0.3927304 0.25 0.3927304 0.3857446 0.2941061 0.25 0.3927304 0.25 0.3927304 0.3857446 0.2941061 0.1142553 0.2941061 0.1142553 0.2941061 0.25 0.3927304 0.25 0.3927304 0.25 0.3927304 0.3857446 0.2941061 0.1661052 0.1345286 0.1661052 0.1345286 0.1142553 0.2941061 0.3857446 0.2941061 0.3857446 0.2941061 0.3338948 0.1345286 0.3857446 0.2941061 0.3857446 0.2941061 0.3338948 0.1345286 0.1661052 0.1345286 0.1661052 0.1345286 0.1142553 0.2941061 0.3857446 0.2941061 0.3857446 0.2941061 0.3338948 0.1345286 0.3338948 0.1345286 0.3338948 0.1345286 0.1661052 0.1345286 0.1142553 0.2941061 0.1142553 0.2941061 0.25 0.3927304 0.3338948 0.1345286 0.3857446 0.2941061 0.25 0.3927304 0.25 0.3927304 0.1142553 0.2941061 0.1661052 0.1345286 0.1661052 0.1345286 0.3338948 0.1345286 0.3338948 0.1345286 0.1142553 0.2941061 0.1142553 0.2941061 0.25 0.3927304 0.3857446 0.2941061 0.25 0.3927304 0.25 0.3927304 0.1661052 0.1345286 0.1661052 0.1345286 0.1142553 0.2941061</float_array>
          <technique_common>
            <accessor source="#Cylinder_005-mesh-map-0-array" count="798" stride="2">
              <param name="S" type="float"/>
              <param name="T" type="float"/>
            </accessor>
          </technique_common>
        </source>
        <vertices id="Cylinder_005-mesh-vertices">
          <input semantic="POSITION" source="#Cylinder_005-mesh-positions"/>
        </vertices>
        <triangles material="Material_003-material" count="266">
          <input semantic="VERTEX" source="#Cylinder_005-mesh-vertices" offset="0"/>
          <input semantic="NORMAL" source="#Cylinder_005-mesh-normals" offset="1"/>
          <input semantic="TEXCOORD" source="#Cylinder_005-mesh-map-0" offset="2" set="0"/>
          <p>30 0 0 13 1 1 10 2 2 13 1 3 32 3 4 12 4 5 12 4 6 31 5 7 11 6 8 103 7 9 108 7 10 102 7 11 31 5 12 10 2 13 11 6 14 70 8 15 53 9 16 50 10 17 2 11 18 6 12 19 8 13 20 11 6 21 0 14 22 1 15 23 3 16 24 11 6 25 1 15 26 2 11 27 12 4 28 3 16 29 10 2 30 2 11 31 0 14 32 15 17 33 2 11 34 3 16 35 5 18 36 15 17 37 3 16 38 4 19 39 16 20 40 5 18 41 14 21 42 4 19 43 2 11 44 19 22 45 4 19 46 5 18 47 20 23 48 5 18 49 7 24 50 6 12 51 20 23 52 7 24 53 4 19 54 21 25 55 6 12 56 23 26 57 6 12 58 7 24 59 24 27 60 7 24 61 9 28 62 8 13 63 24 27 64 9 28 65 6 12 66 25 29 67 8 13 68 27 30 69 8 13 70 9 28 71 28 31 72 9 28 73 1 15 74 0 14 75 28 31 76 1 15 77 8 13 78 29 32 79 0 14 80 53 9 81 72 33 82 52 34 83 35 35 84 14 21 85 15 17 86 16 20 87 35 35 88 15 17 89 17 36 90 36 37 91 16 20 92 34 38 93 17 36 94 14 21 95 52 34 96 71 39 97 51 40 98 39 41 99 18 42 100 19 22 101 40 43 102 19 22 103 20 23 104 21 25 105 40 43 106 20 23 107 18 42 108 41 44 109 21 25 110 71 39 111 50 10 112 51 40 113 43 45 114 22 46 115 23 26 116 44 47 117 23 26 118 24 27 119 25 29 120 44 47 121 24 27 122 22 46 123 45 48 124 25 29 125 71 39 126 73 49 127 70 8 128 47 50 129 26 51 130 27 30 131 48 52 132 27 30 133 28 31 134 29 32 135 48 52 136 28 31 137 26 51 138 49 53 139 29 32 140 51 40 141 30 0 142 31 5 143 32 3 144 51 40 145 31 5 146 33 54 147 52 34 148 32 3 149 50 10 150 33 54 151 30 0 152 55 55 153 34 38 154 35 35 155 36 37 156 55 55 157 35 35 158 37 56 159 56 57 160 36 37 161 54 58 162 37 56 163 34 38 164 59 59 165 38 60 166 39 41 167 60 61 168 39 41 169 40 43 170 41 44 171 60 61 172 40 43 173 38 60 174 61 62 175 41 44 176 63 63 177 42 64 178 43 45 179 64 65 180 43 45 181 44 47 182 45 48 183 64 65 184 44 47 185 42 64 186 65 66 187 45 48 188 67 67 189 46 68 190 47 50 191 68 69 192 47 50 193 48 52 194 49 53 195 68 69 196 48 52 197 46 68 198 69 70 199 49 53 200 75 71 201 77 72 202 74 73 203 75 71 204 54 58 205 55 55 206 56 57 207 75 71 208 55 55 209 57 74 210 76 75 211 56 57 212 74 73 213 57 74 214 54 58 215 79 76 216 81 77 217 78 78 218 79 76 219 58 79 220 59 59 221 80 80 222 59 59 223 60 61 224 61 62 225 80 80 226 60 61 227 58 79 228 81 77 229 61 62 230 83 81 231 85 82 232 82 83 233 83 81 234 62 84 235 63 63 236 84 85 237 63 63 238 64 65 239 65 66 240 84 85 241 64 65 242 62 84 243 85 82 244 65 66 245 87 86 246 89 87 247 86 88 248 87 86 249 66 89 250 67 67 251 88 90 252 67 67 253 68 69 254 69 70 255 88 90 256 68 69 257 66 89 258 89 87 259 69 70 260 1 15 261 90 91 262 3 16 263 9 28 264 91 92 265 1 15 266 7 24 267 92 93 268 9 28 269 5 18 270 93 94 271 7 24 272 5 18 273 90 91 274 94 95 275 90 7 276 96 7 277 95 7 278 92 96 279 96 96 280 91 96 281 93 97 282 97 97 283 92 97 284 94 7 285 98 7 286 93 7 287 90 98 288 99 98 289 94 98 290 96 7 291 100 7 292 95 7 293 96 99 294 102 99 295 101 99 296 98 100 297 102 100 298 97 100 299 99 7 300 103 7 301 98 7 302 95 101 303 104 101 304 99 101 305 107 7 306 114 102 307 109 7 308 100 7 309 107 7 310 104 7 311 104 7 312 109 7 313 103 7 314 102 7 315 106 7 316 101 7 317 101 7 318 105 7 319 100 7 320 114 102 321 118 103 322 113 104 323 108 7 324 111 105 325 106 7 326 106 7 327 110 106 328 105 7 329 109 7 330 113 104 331 108 7 332 105 7 333 112 107 334 107 7 335 117 108 336 124 7 337 119 109 338 112 107 339 115 110 340 117 108 341 114 102 342 117 108 343 119 109 344 113 104 345 116 111 346 111 105 347 111 105 348 115 110 349 110 106 350 121 7 351 125 112 352 120 7 353 118 103 354 121 7 355 116 111 356 116 111 357 120 7 358 115 110 359 119 109 360 123 7 361 118 103 362 115 110 363 122 7 364 117 108 365 125 112 366 132 113 367 127 114 368 124 7 369 128 115 370 123 7 371 120 7 372 127 114 373 122 7 374 122 7 375 129 116 376 124 7 377 123 7 378 126 117 379 121 7 380 131 118 381 134 119 382 132 113 383 129 116 384 132 113 385 134 119 386 128 115 387 131 118 388 126 117 389 125 112 390 131 118 391 130 120 392 129 116 393 133 121 394 128 115 395 30 0 396 33 54 397 13 1 398 13 1 399 33 54 400 32 3 401 12 4 402 32 3 403 31 5 404 103 7 405 109 7 406 108 7 407 31 5 408 30 0 409 10 2 410 70 8 411 73 49 412 53 9 413 8 13 414 0 14 415 2 11 416 2 11 417 4 19 418 6 12 419 11 6 420 10 2 421 0 14 422 3 16 423 12 4 424 11 6 425 2 11 426 13 1 427 12 4 428 10 2 429 13 1 430 2 11 431 15 17 432 14 21 433 2 11 434 5 18 435 16 20 436 15 17 437 4 19 438 17 36 439 16 20 440 14 21 441 17 36 442 4 19 443 19 22 444 18 42 445 4 19 446 20 23 447 19 22 448 5 18 449 6 12 450 21 25 451 20 23 452 4 19 453 18 42 454 21 25 455 23 26 456 22 46 457 6 12 458 24 27 459 23 26 460 7 24 461 8 13 462 25 29 463 24 27 464 6 12 465 22 46 466 25 29 467 27 30 468 26 51 469 8 13 470 28 31 471 27 30 472 9 28 473 0 14 474 29 32 475 28 31 476 8 13 477 26 51 478 29 32 479 53 9 480 73 49 481 72 33 482 35 35 483 34 38 484 14 21 485 16 20 486 36 37 487 35 35 488 17 36 489 37 56 490 36 37 491 34 38 492 37 56 493 17 36 494 52 34 495 72 33 496 71 39 497 39 41 498 38 60 499 18 42 500 40 43 501 39 41 502 19 22 503 21 25 504 41 44 505 40 43 506 18 42 507 38 60 508 41 44 509 71 39 510 70 8 511 50 10 512 43 45 513 42 64 514 22 46 515 44 47 516 43 45 517 23 26 518 25 29 519 45 48 520 44 47 521 22 46 522 42 64 523 45 48 524 71 39 525 72 33 526 73 49 527 47 50 528 46 68 529 26 51 530 48 52 531 47 50 532 27 30 533 29 32 534 49 53 535 48 52 536 26 51 537 46 68 538 49 53 539 51 40 540 50 10 541 30 0 542 32 3 543 52 34 544 51 40 545 33 54 546 53 9 547 52 34 548 50 10 549 53 9 550 33 54 551 55 55 552 54 58 553 34 38 554 36 37 555 56 57 556 55 55 557 37 56 558 57 74 559 56 57 560 54 58 561 57 74 562 37 56 563 59 59 564 58 79 565 38 60 566 60 61 567 59 59 568 39 41 569 41 44 570 61 62 571 60 61 572 38 60 573 58 79 574 61 62 575 63 63 576 62 84 577 42 64 578 64 65 579 63 63 580 43 45 581 45 48 582 65 66 583 64 65 584 42 64 585 62 84 586 65 66 587 67 67 588 66 89 589 46 68 590 68 69 591 67 67 592 47 50 593 49 53 594 69 70 595 68 69 596 46 68 597 66 89 598 69 70 599 75 71 600 76 75 601 77 72 602 75 71 603 74 73 604 54 58 605 56 57 606 76 75 607 75 71 608 57 74 609 77 72 610 76 75 611 74 73 612 77 72 613 57 74 614 79 76 615 80 80 616 81 77 617 79 76 618 78 78 619 58 79 620 80 80 621 79 76 622 59 59 623 61 62 624 81 77 625 80 80 626 58 79 627 78 78 628 81 77 629 83 81 630 84 85 631 85 82 632 83 81 633 82 83 634 62 84 635 84 85 636 83 81 637 63 63 638 65 66 639 85 82 640 84 85 641 62 84 642 82 83 643 85 82 644 87 86 645 88 90 646 89 87 647 87 86 648 86 88 649 66 89 650 88 90 651 87 86 652 67 67 653 69 70 654 89 87 655 88 90 656 66 89 657 86 88 658 89 87 659 1 15 660 91 92 661 90 91 662 9 28 663 92 93 664 91 92 665 7 24 666 93 94 667 92 93 668 5 18 669 94 95 670 93 94 671 5 18 672 3 16 673 90 91 674 90 122 675 91 122 676 96 122 677 92 7 678 97 7 679 96 7 680 93 7 681 98 7 682 97 7 683 94 7 684 99 7 685 98 7 686 90 123 687 95 123 688 99 123 689 96 124 690 101 124 691 100 124 692 96 7 693 97 7 694 102 7 695 98 7 696 103 7 697 102 7 698 99 7 699 104 7 700 103 7 701 95 7 702 100 7 703 104 7 704 107 7 705 112 107 706 114 102 707 100 7 708 105 7 709 107 7 710 104 7 711 107 7 712 109 7 713 102 7 714 108 7 715 106 7 716 101 7 717 106 7 718 105 7 719 114 102 720 119 109 721 118 103 722 108 7 723 113 104 724 111 105 725 106 7 726 111 105 727 110 106 728 109 7 729 114 102 730 113 104 731 105 7 732 110 106 733 112 107 734 117 108 735 122 7 736 124 7 737 112 107 738 110 106 739 115 110 740 114 102 741 112 107 742 117 108 743 113 104 744 118 103 745 116 111 746 111 105 747 116 111 748 115 110 749 121 7 750 126 117 751 125 112 752 118 103 753 123 7 754 121 7 755 116 111 756 121 7 757 120 7 758 119 109 759 124 7 760 123 7 761 115 110 762 120 7 763 122 7 764 125 112 765 130 120 766 132 113 767 124 7 768 129 116 769 128 115 770 120 7 771 125 112 772 127 114 773 122 7 774 127 114 775 129 116 776 123 7 777 128 115 778 126 117 779 132 113 780 130 120 781 131 118 782 131 118 783 133 121 784 134 119 785 129 116 786 127 114 787 132 113 788 128 115 789 133 121 790 131 118 791 125 112 792 126 117 793 131 118 794 129 116 795 134 119 796 133 121 797</p>
        </triangles>
      </mesh>
    </geometry>
    <geometry id="Sphere-mesh" name="Sphere">
      <mesh>
        <source id="Sphere-mesh-positions">
          <float_array id="Sphere-mesh-positions-array" count="1446">0 0.591246 0.8777416 0 0.8639336 0.577104 0 1.011327 0.201128 0 1.034711 0 0 1.020343 -0.2029101 0 0.8646037 -0.5775485 0.04412853 0.2218493 1.047283 0.08935946 0.4492408 0.9706835 0.1150173 0.578231 0.8755539 0.1448673 0.7282971 0.7422618 0.1688826 0.8490302 0.5782516 0.1878421 0.9443462 0.3987185 0.1986683 0.998773 0.2025144 0.2018973 1.015006 0 0.1990386 1.000635 -0.2028896 0.1875335 0.9427948 -0.3980676 0.1683682 0.8464443 -0.5765027 0.1436613 0.7222344 -0.7361332 0.1126116 0.5661369 -0.8635304 0.07766431 0.390445 -0.9604994 0.03945338 0.1983456 -1.015594 0.08653706 0.2089191 1.046618 0.1754638 0.4236071 0.9716004 0.2252939 0.5439075 0.874467 0.2838794 0.6853455 0.7415156 0.3319095 0.8013004 0.5793512 0.3673281 0.8868086 0.3974955 0.3888551 0.9387792 0.2020769 0.396189 0.9564849 0 0.389781 0.9410147 -0.2025552 0.3667985 0.8855301 -0.396926 0.330039 0.7967846 -0.576109 0.2810274 0.6784602 -0.7341268 0.2208248 0.5331183 -0.8632565 0.1518582 0.3666182 -0.9574824 0.07732617 0.186682 -1.014774 0.1256298 0.1880183 1.046567 0.2552064 0.3819432 0.9732692 0.3275852 0.4902659 0.8756558 0.4122807 0.6170217 0.7417863 0.4793332 0.7173727 0.5763369 0.5314894 0.7954301 0.3961708 0.5630429 0.8426532 0.2015477 0.5753357 0.8610506 0 0.5639254 0.8439739 -0.2018617 0.5296717 0.7927098 -0.3948245 0.4781715 0.7156342 -0.5749499 0.4075278 0.6099085 -0.7333045 0.3205194 0.4796911 -0.8630737 0.2204933 0.3299915 -0.9576079 0.1121885 0.1679019 -1.014144 0.1599011 0.159901 1.046637 0.3260036 0.3260036 0.9765656 0.4186915 0.4186915 0.8788743 0.525008 0.525008 0.7421707 0.6109673 0.6109673 0.5771735 0.6732671 0.6732671 0.3943141 0.7136139 0.7136139 0.2007079 0.7295323 0.729532 0 0.7156364 0.7156364 -0.2012733 0.6728319 0.672832 -0.3940608 0.6067245 0.6067245 -0.5731934 0.5182774 0.5182774 -0.7327337 0.4083656 0.4083656 -0.8639569 0.2811324 0.2811323 -0.9592801 0.1429567 0.1429566 -1.015301 0.1881119 0.1256923 1.047752 0.3850025 0.2572504 0.9804908 0.4927735 0.3292607 0.8795675 0.6197659 0.4141144 0.7450585 0.7165766 0.4788011 0.5757017 0.7885484 0.5268913 0.3927651 0.8345606 0.5576355 0.1996237 0.851281 0.5688076 0 0.8351168 0.5580071 -0.1997559 0.7880693 0.5265711 -0.3925279 0.7124232 0.4760258 -0.5723882 0.6089892 0.4069136 -0.7322085 0.4796015 0.3204594 -0.8629142 0.3301865 0.2206235 -0.9581652 0.168205 0.112391 -1.015921 0 0 1.017059 0.2091149 0.08661824 1.048848 0.4274189 0.1770427 0.9796985 0.5473281 0.2267106 0.8792692 0.6866533 0.2844212 0.742919 0.7964494 0.3299 0.5758683 0.8764079 0.3630201 0.392863 0.9277622 0.3842916 0.1997196 0.9470672 0.3922879 0 0.9299789 0.3852098 -0.2001938 0.8772194 0.3633562 -0.3932244 0.7907974 0.3275589 -0.5718104 0.6754008 0.2797602 -0.7308436 0.5317953 0.2202767 -0.8611367 0.3668145 0.1519395 -0.9579876 0.1868715 0.07740473 -1.015774 0.2220411 0.04416668 1.049341 0.4525751 0.09002274 0.9773563 0.5791656 0.1152031 0.8767898 0.7266628 0.1445422 0.7406097 0.8489918 0.1688749 0.5782257 0.9377564 0.1865314 0.3959538 0.9929252 0.197505 0.2013356 1.01164 0.2012274 0 0.9884696 0.1966187 -0.2004376 0.9323931 0.1854646 -0.3937035 0.8414388 0.1673725 -0.5731176 0.7170877 0.1426376 -0.7309306 0.5640698 0.1122004 -0.8604106 0.3886464 0.07730656 -0.9561419 0.1980376 0.03939211 -1.014064 0.2263264 0 1.048659 0.4599568 0 0.9744423 0.5884552 0 0.8741221 0.7397673 0 0.7394877 0.8644673 0 0.5774581 0.9596402 0 0.397399 1.013968 0 0.2016499 1.033748 -1.7806e-7 0 1.013581 0 -0.2015736 0.9583268 0 -0.3968585 0.862142 0 -0.5759157 0.7330721 0 -0.7328499 0.5754455 0 -0.8608916 0.3955952 0 -0.9545611 0.2016418 0 -1.012721 0.2219182 -0.0441423 1.048023 0.4488785 -0.08928751 0.9699586 0.5757716 -0.1145281 0.8723015 0.7252933 -0.1442698 0.7392255 0.8473606 -0.1685506 0.5771226 0.9398683 -0.1869513 0.3968398 0.9911275 -0.1971476 0.2009733 1.012896 -0.2014778 0 0.9940029 -0.1977195 -0.2015529 0.9414775 -0.1872714 -0.3975149 0.8487084 -0.1688187 -0.5780341 0.7202769 -0.1432719 -0.7341545 0.5632813 -0.1120436 -0.8592205 0.3874862 -0.07707577 -0.9533309 0.1978752 -0.0393598 -1.013256 0.2088922 -0.08652597 1.046312 0.4222667 -0.1749086 0.9687528 0.5398353 -0.2236071 0.8687503 0.6819726 -0.2824823 0.7378961 0.7998666 -0.3313157 0.5783219 0.8853669 -0.3667309 0.3968533 0.9347696 -0.3871944 0.201219 0.9523464 -0.394475 0 0.9389429 -0.388923 -0.2021119 0.8838878 -0.3661183 -0.3961945 0.7958688 -0.3296598 -0.5754516 0.6761468 -0.2800692 -0.7316443 0.5299874 -0.219528 -0.8582401 0.3646401 -0.1510389 -0.9523949 0.1862195 -0.0771346 -1.012334 0.1877826 -0.1254724 1.043587 0.3792141 -0.2533828 0.9668267 0.4846988 -0.3238655 0.8669719 0.6125472 -0.409291 0.736451 0.7196908 -0.4808821 0.5781862 0.797044 -0.5325677 0.3969696 0.8447892 -0.5644702 0.2020555 0.8599675 -0.5746122 0 0.8473483 -0.5661802 -0.202664 0.7964414 -0.5321651 -0.3966714 0.7153751 -0.4779985 -0.5747433 0.6088938 -0.4068498 -0.7320947 0.4779902 -0.3193829 -0.8600457 0.3277333 -0.2189844 -0.9511545 0.1675127 -0.1119284 -1.011863 0.1594613 -0.1594614 1.040095 0.3214864 -0.3214865 0.9640271 0.4112032 -0.4112033 0.8651391 0.5206304 -0.5206304 0.7360329 0.6112856 -0.6112857 0.5774722 0.6786722 -0.6786722 0.3974596 0.718648 -0.7186482 0.2021154 0.7325134 -0.7325138 0 0.7202215 -0.7202216 -0.2025552 0.6773607 -0.6773606 -0.3966963 0.6076019 -0.607602 -0.5740167 0.5159545 -0.5159545 -0.7294768 0.4050708 -0.4050709 -0.8570595 0.2781263 -0.2781264 -0.9491787 0.1424161 -0.1424161 -1.011575 0.1250883 -0.1872079 1.036313 0.2517608 -0.3767868 0.9610969 0.3231111 -0.4835702 0.8652112 0.409011 -0.6121283 0.7359515 0.4788888 -0.7167078 0.5758064 0.5321947 -0.7964856 0.3966932 0.5664498 -0.8477522 0.20276 0.5780821 -0.8651615 0 0.5667816 -0.8482488 -0.2028781 0.5319905 -0.7961798 -0.3965419 0.4759252 -0.7122727 -0.5722682 0.4046256 -0.605565 -0.7281255 0.3175677 -0.4752738 -0.8552094 0.2181831 -0.3265342 -0.9477275 0.1117957 -0.1673141 -1.010698 0.08614301 -0.2079676 1.035782 0.1731546 -0.4180325 0.9597573 0.2223733 -0.5368568 0.8645689 0.2819035 -0.6805753 0.7363966 0.3309708 -0.7990346 0.5777245 0.3677648 -0.8878628 0.397965 0.3921713 -0.9467856 0.20379 0.3996728 -0.9648965 0 0.3908558 -0.9436098 -0.2031105 0.3659881 -0.8835735 -0.3960546 0.3274925 -0.7906371 -0.5716954 0.2777419 -0.6705282 -0.7256147 0.21833 -0.5270956 -0.8536066 0.1502162 -0.3626541 -0.9472869 0.07693457 -0.1857366 -1.009786 0.04391211 -0.2207615 1.035613 0.08825612 -0.443694 0.9595835 0.1137915 -0.5720695 0.867406 0.1439484 -0.7236778 0.7375923 0.169319 -0.8512248 0.579736 0.1876294 -0.9432765 0.3982698 0.1998547 -1.004738 0.2037166 0.2040709 -1.025935 0 0.1991051 -1.00097 -0.2029571 0.1861672 -0.9359259 -0.3951858 0.1667855 -0.8384881 -0.5711221 0.1415803 -0.7117724 -0.7255576 0.1110133 -0.5581023 -0.851404 0.07652068 -0.3846956 -0.9465701 0.03919804 -0.1970617 -1.009214 0 -0.2250289 1.035007 0 -0.453616 0.9619967 0 -0.5852532 0.8699693 0 -0.7398861 0.7396056 0 -0.8700297 0.5811478 0 -0.9599699 0.3975347 -1.45096e-7 -1.021097 0.2030594 -3.45794e-7 -1.03967 0 -1.43371e-7 -1.014766 -0.2018079 0 -0.9507282 -0.3937317 0 -0.8537355 -0.5703396 0 -0.723394 -0.7232547 0 -0.5699849 -0.8528084 0 -0.392384 -0.9469306 0 -0.2010365 -1.00977 -0.04389011 -0.2206508 1.034425 -0.08865469 -0.445697 0.963592 -0.1141309 -0.5737743 0.8696606 -0.1447255 -0.7275843 0.7415413 -0.1696208 -0.8527407 0.5807613 -0.1873192 -0.9417172 0.3976156 -0.1992902 -1.001899 0.2031444 -0.2019467 -1.015253 0 -0.1973 -0.9918932 -0.2011277 -0.1856036 -0.9330923 -0.393997 -0.1662633 -0.8358615 -0.5693457 -0.1411611 -0.7096647 -0.7234271 -0.1110199 -0.5581342 -0.8514522 -0.07658928 -0.3850402 -0.947405 -0.03928196 -0.1974835 -1.011311 -0.08611565 -0.2079016 1.035031 -0.1737553 -0.4194822 0.9628374 -0.2239812 -0.5407382 0.8700181 -0.2836394 -0.6847661 0.7408939 -0.3328615 -0.8035985 0.5810013 -0.3697774 -0.8927218 0.4001293 -0.3921663 -0.9467729 0.2037873 -0.3973398 -0.9592621 0 -0.3889749 -0.9390681 -0.2021387 -0.3647277 -0.8805305 -0.3946993 -0.3270649 -0.7896043 -0.570954 -0.2773001 -0.6694616 -0.7244702 -0.2175701 -0.5252605 -0.8506664 -0.150424 -0.3631556 -0.9485769 -0.07708954 -0.1861107 -1.01176 -0.1250928 -0.1872144 1.036397 -0.2517344 -0.3767471 0.9610034 -0.3259952 -0.4878861 0.8719441 -0.413271 -0.6185037 0.7435536 -0.4849811 -0.7258254 0.5830802 -0.5390696 -0.8067747 0.4017854 -0.5722553 -0.8564402 0.2048256 -0.5811968 -0.8698218 0 -0.5683856 -0.8506488 -0.2034487 -0.5326903 -0.7972275 -0.3970604 -0.4758971 -0.7122302 -0.5722345 -0.401825 -0.6013736 -0.7231277 -0.3165801 -0.4737954 -0.8525776 -0.2188783 -0.3275745 -0.9507007 -0.1120263 -0.1676592 -1.012722 -0.1593706 -0.1593706 1.038744 -0.3213614 -0.3213613 0.96368 -0.4166322 -0.4166321 0.8750973 -0.5295379 -0.5295379 0.7485222 -0.6214838 -0.6214836 0.5870387 -0.689581 -0.689581 0.4038079 -0.7322593 -0.732259 0.2059205 -0.7456069 -0.7456063 0 -0.7307963 -0.7307961 -0.2055116 -0.6855251 -0.6855251 -0.4014477 -0.6097613 -0.6097611 -0.5760423 -0.514081 -0.5140809 -0.7268499 -0.4033968 -0.4033966 -0.853555 -0.2791372 -0.2791371 -0.9525756 -0.1427416 -0.1427416 -1.013819 0 0 -1.035861 -0.1876208 -0.1253642 1.041539 -0.3803162 -0.2541191 0.9694285 -0.4917517 -0.3285778 0.8779739 -0.626581 -0.418668 0.7531848 -0.7340002 -0.4904431 0.5896016 -0.8181093 -0.5466433 0.407395 -0.8667919 -0.5791715 0.2072867 -0.883165 -0.5901114 0 -0.863921 -0.5772533 -0.2066041 -0.8110913 -0.5419539 -0.4039217 -0.72211 -0.4824983 -0.5801161 -0.608666 -0.4066976 -0.7318232 -0.4765806 -0.3184407 -0.8575361 -0.3290781 -0.2198829 -0.9549975 -0.1680736 -0.1123032 -1.015151 -0.208612 -0.08640986 1.043121 -0.422893 -0.1751679 0.9700835 -0.5466542 -0.2264314 0.8783235 -0.6969646 -0.2886922 0.7539845 -0.8208768 -0.3400181 0.5934065 -0.9141337 -0.3786466 0.4096662 -0.9703083 -0.4019145 0.2088232 -0.9857859 -0.4083254 0 -0.9596639 -0.3975055 -0.2065455 -0.9008821 -0.3731576 -0.4037639 -0.8034235 -0.3327887 -0.5808757 -0.6793914 -0.2814131 -0.7351262 -0.5325892 -0.2206055 -0.8624092 -0.3667834 -0.1519266 -0.9579079 -0.1868499 -0.07739573 -1.015661 -0.22165 -0.0440889 1.045146 -0.449949 -0.08950036 0.9721012 -0.5812547 -0.1156186 0.879553 -0.7369952 -0.1465974 0.7510545 -0.8729066 -0.1736317 0.5943996 -0.9707405 -0.1930922 0.4097927 -1.028297 -0.2045407 0.2084651 -1.046547 -0.2081707 0 -1.01972 -0.2028347 -0.2067363 -0.9574964 -0.1904578 -0.404236 -0.8544593 -0.1699623 -0.5819236 -0.7235958 -0.1439321 -0.7375095 -0.5673559 -0.112854 -0.865371 -0.3898037 -0.0775367 -0.9589461 -0.1983401 -0.03945225 -1.015568 -0.2259958 0 1.045182 -0.4599244 0 0.9743788 -0.5918734 1.67549e-7 0.878556 -0.7497754 0 0.7494104 -0.8852393 1.85002e-7 0.5912365 -0.9842036 0 0.4075069 -1.041941 2.81584e-7 0.2071797 -1.057924 4.62107e-7 0 -1.031448 2.79291e-7 -0.2051055 -0.9704245 0 -0.4018368 -0.87207 1.79837e-7 -0.5825012 -0.7391666 0 -0.7388923 -0.5801478 1.59316e-7 -0.8678531 -0.3979161 0 -0.9600764 -0.2024331 0 -1.016578 -0.2217197 0.04410278 1.045894 -0.4515278 0.08981448 0.9752607 -0.5803027 0.1154295 0.8782941 -0.7342064 0.1460428 0.7482355 -0.8641856 0.1718974 0.5885016 -0.9604991 0.1910552 0.4054958 -1.016452 0.2021851 0.2060776 -1.031256 0.20513 0 -1.004281 0.1997641 -0.2036244 -0.9439094 0.1877552 -0.3985354 -0.8490602 0.1688888 -0.5782723 -0.7234669 0.1439065 -0.7373793 -0.5700944 0.113399 -0.8695042 -0.3909348 0.07776182 -0.9616865 -0.1987642 0.03953665 -1.017675 -0.2089001 0.08652925 1.046403 -0.4247686 0.1759449 0.9740683 -0.5468588 0.2265165 0.878611 -0.6924075 0.2868046 0.7490942 -0.8087331 0.3349884 0.5846879 -0.8996772 0.3726585 0.4032273 -0.9541185 0.3952091 0.2053591 -0.9683843 0.4011185 0 -0.9452022 0.3915159 -0.2034513 -0.8878344 0.3677531 -0.3979525 -0.7990375 0.3309723 -0.5777268 -0.6813618 0.2822293 -0.7372408 -0.5375365 0.2226551 -0.8703366 -0.3686283 0.1526909 -0.9626531 -0.1871338 0.07751333 -1.017158 -0.1880257 0.1256348 1.046664 -0.3828394 0.2558052 0.9753851 -0.4945501 0.3304481 0.8823396 -0.6241004 0.4170106 0.7502271 -0.7279891 0.486427 0.5848064 -0.8088932 0.5404852 0.4028339 -0.8585622 0.5736733 0.2053301 -0.8712034 0.5821201 0 -0.8482027 0.5667513 -0.2028672 -0.7968795 0.5324578 -0.3968883 -0.7202033 0.4812247 -0.5785953 -0.6133639 0.4098367 -0.737425 -0.4837734 0.3232473 -0.8703427 -0.3321763 0.2219532 -0.9638522 -0.1685284 0.1126071 -1.017818 -0.1599743 0.1599743 1.047729 -0.3257045 0.3257046 0.975736 -0.4210014 0.4210017 0.8831121 -0.5299734 0.5299735 0.749133 -0.6194298 0.6194302 0.5851123 -0.6867222 0.6867222 0.4021443 -0.7277712 0.7277716 0.2046659 -0.7406649 0.7406656 0 -0.7209514 0.7209519 -0.2027594 -0.676925 0.676925 -0.3964429 -0.6109626 0.6109629 -0.5771695 -0.5199005 0.5199006 -0.7350097 -0.4110432 0.4110436 -0.8695636 -0.2828286 0.2828287 -0.9649811 -0.1434412 0.1434412 -1.018642 -0.1257541 0.1882044 1.048925 -0.2555896 0.382517 0.974624 -0.3297216 0.4934638 0.8806446 -0.416392 0.6231747 0.7491233 -0.4854612 0.7265444 0.5836538 -0.536968 0.8036295 0.4002289 -0.5688754 0.8513827 0.2036231 -0.5789188 0.866414 0 -0.5658665 0.8468796 -0.2025525 -0.5320946 0.7963359 -0.3966192 -0.4799243 0.7182579 -0.5770431 -0.4088182 0.6118398 -0.7356075 -0.3228462 0.4831739 -0.869275 -0.22234 0.3327554 -0.9655072 -0.1128823 0.1689404 -1.020233 -0.08661681 0.2091116 1.048812 -0.1758139 0.4244526 0.9733969 -0.226538 0.5469116 0.878685 -0.2857939 0.6899678 0.746476 -0.3326781 0.8031566 0.5806841 -0.368993 0.890828 0.3992859 -0.3905026 0.9427574 0.2029281 -0.3976237 0.9599497 0 -0.3896719 0.9407519 -0.202499 -0.367253 0.8866273 -0.3974148 -0.3312786 0.7997779 -0.5782584 -0.2822064 0.6813068 -0.7371816 -0.2224801 0.5371153 -0.8696616 -0.1535882 0.3707951 -0.9682259 -0.0777226 0.1876391 -1.019824 -0.044142 0.2219172 1.048014 -0.08952194 0.4500575 0.9723184 -0.1150513 0.5784032 0.8757823 -0.1447721 0.7278189 0.7417786 -0.169004 0.8496418 0.5786656 -0.1865909 0.9380559 0.3960795 -0.1980583 0.9957073 0.2018965 -0.201125 1.011126 0 -0.198488 0.9978678 -0.2023319 -0.1876744 0.9435032 -0.398365 -0.1686121 0.8476714 -0.577333 -0.143576 0.721806 -0.7357003 -0.1133351 0.5697753 -0.8690229 -0.07830673 0.393675 -0.9683256 -0.03960001 0.1990827 -1.019259 0 0.2261818 1.047139 0 0.4585387 0.9716592 0 0.7420265 0.7417278 0 0.9564458 0.3960846 0 0.9645131 -0.3994043 0 0.7357251 -0.7354803 1.7278e-7 0.5790446 -0.8662204 0 0.3999614 -0.9649366 0 0.2026423 -1.017598</float_array>
          <technique_common>
            <accessor source="#Sphere-mesh-positions-array" count="482" stride="3">
              <param name="X" type="float"/>
              <param name="Y" type="float"/>
              <param name="Z" type="float"/>
            </accessor>
          </technique_common>
        </source>
        <source id="Sphere-mesh-normals">
          <float_array id="Sphere-mesh-normals-array" count="1446">0.02773839 0.5688407 -0.8219799 0.1224222 0.3670312 -0.9221176 0.05241376 0.3804373 -0.9233203 -0.01564204 0.9308183 0.3651473 0.1806163 0.9674293 0.177365 -0.01065385 0.9824584 0.1861777 0.04784393 0.1801347 -0.9824778 0.07471567 0.1815476 -0.9805397 0.1923674 0.9812787 0.009323656 -0.00901848 0.9997023 0.02267026 0.008585929 0.1065098 0.9942746 -0.004258513 -0.02638858 0.9996427 0.02664083 0.1036009 0.9942621 0.009562492 -0.01727557 -0.999805 0.1969368 0.9635251 -0.1812051 -0.005000233 0.9847567 -0.1738659 0.09476834 0.4527546 0.8865846 0.006833314 0.4588203 0.8885029 0.1938381 0.9026679 -0.3842102 0.002047657 0.9244456 -0.3813088 4.08062e-4 0.627862 0.7783247 0.1365281 0.6114588 0.7794089 0.003794372 0.8296313 -0.5582987 0.1713217 0.8153464 -0.5530455 -0.001813769 0.7401071 0.6724867 0.1440148 0.7214259 0.6773511 0.001992642 0.7135678 -0.7005834 0.1454204 0.6970988 -0.7020728 -7.54971e-4 0.8511942 0.5248504 0.1555057 0.8313249 0.5335887 0.1244918 0.5452986 -0.8289459 0.1713609 0.9114534 0.3740162 0.2848202 0.676549 0.6790869 0.3332368 0.7780362 0.5325533 0.2832909 0.654388 -0.7010868 0.2159602 0.5132308 -0.8306356 0.3698663 0.8529009 0.3684551 0.1617928 0.3467226 -0.9239084 0.3864979 0.903712 0.184185 0.09355205 0.176887 -0.979775 0.3850108 0.9228959 0.005486607 0.04668456 0.09599924 0.994286 0.3878777 0.9021893 -0.1886937 0.1650263 0.4368374 0.8842734 0.3720794 0.8451399 -0.3837912 0.2390346 0.5811383 0.777908 0.3294621 0.7681161 -0.5490469 0.5563239 0.8065984 -0.1997568 0.05540573 0.08591949 0.9947603 0.2331938 0.4016925 0.8855867 0.5285834 0.7585023 -0.3811482 0.334598 0.5386559 0.7732361 0.4793714 0.6901867 -0.5420752 0.4082809 0.6181216 0.6717384 0.4046304 0.5911296 -0.6977393 0.4830034 0.7019444 0.5234327 0.3093259 0.4669769 -0.8284021 0.5338166 0.7602709 0.370173 0.2018824 0.3226964 -0.9247219 0.5581532 0.8069103 0.1932893 0.1044839 0.1708379 -0.9797436 0.5627973 0.8265857 0.003946542 0.5140627 0.5067628 -0.6920484 0.3985966 0.3983912 -0.8260782 0.6736609 0.6456685 0.3595737 0.2649712 0.271042 -0.9253792 0.7117525 0.6747024 0.1954104 0.1244233 0.1532368 -0.9803251 0.7270432 0.6865627 0.006316184 0.05627548 0.07902562 0.9952829 0.7115189 0.6739882 -0.1986979 0.2974452 0.3533407 0.8869481 0.6673409 0.6413683 -0.3785537 0.4352585 0.4658493 0.7704119 0.6050608 0.5865116 -0.5384289 0.5190667 0.5359856 0.6657997 0.6092106 0.6044486 0.513327 0.8232239 0.5347524 -0.1906371 0.7761614 0.5112016 -0.3691158 0.5287605 0.3591729 0.7690301 0.707516 0.4634566 -0.5335065 0.6227629 0.4204573 0.6598349 0.606454 0.3935634 -0.6908847 0.7218383 0.4752713 0.5030574 0.4771341 0.3012655 -0.82558 0.7841475 0.511747 0.3510384 0.3245113 0.2051452 -0.9233677 0.8232765 0.5354512 0.1884355 0.1608709 0.1149445 -0.9802594 0.8399476 0.5426562 0.003523945 0.05951905 0.06909644 0.9958329 0.3729326 0.2723626 0.8869836 0.5270553 0.2044309 -0.8248762 0.3640642 0.1354883 -0.9214664 0.8563531 0.3767552 0.3531501 0.8990215 0.3953968 0.1882069 0.190432 0.05428904 -0.9801982 0.9175174 0.3976889 0.00230664 0.07593828 0.04811477 0.995951 0.9040624 0.384018 -0.1876204 0.4344322 0.1607296 0.8862475 0.8538571 0.3627544 -0.3732794 0.5998716 0.2320299 0.7657129 0.7765853 0.3258312 -0.5392118 0.7001535 0.2707135 0.6606809 0.668836 0.2705156 -0.6924448 0.7926066 0.3381624 0.5073668 0.4658983 0.06072902 0.8827518 0.6374849 0.09827923 0.7641689 0.9058958 0.2033288 -0.3714973 0.8189696 0.1842262 -0.5434609 0.7285382 0.1324644 0.6720753 0.7001748 0.1499916 -0.6980385 0.8326145 0.1763484 0.5250281 0.5511831 0.1078712 -0.8273821 0.9085143 0.2083014 0.3622326 0.3852573 0.0534296 -0.9212611 0.958506 0.2161549 0.1858586 0.2052876 0.001452803 -0.9787007 0.9761945 0.2166822 -0.009649991 0.09162855 0.01463645 0.9956857 0.9581811 0.2096698 -0.1947501 0.9830584 -0.002892255 0.1832699 0.3842603 -0.01753652 -0.9230583 0.2090632 -0.01255977 -0.9778216 0.9999914 0.003816962 -0.001650333 0.101109 -0.01771306 0.9947177 0.9822829 0.01545119 -0.1867664 0.4744077 -0.04458743 0.8791753 0.9281382 0.02517884 -0.3713834 0.6405763 -0.02497488 0.7674884 0.8335508 0.02536863 -0.5518601 0.7337523 -0.007805705 0.6793723 0.7069933 0.01501464 -0.7070609 0.8450176 -0.002757608 0.5347315 0.5546723 -0.004821956 -0.8320549 0.9305653 0.004868924 0.3660935 0.911877 -0.1856154 -0.3660975 0.8163447 -0.1648902 -0.5535273 0.6175072 -0.1491395 0.7722969 0.7142943 -0.1519333 0.6831545 0.684732 -0.1413726 -0.7149518 0.8276125 -0.1638506 0.5368525 0.5375791 -0.119486 -0.8347047 0.9139763 -0.1852053 0.3610351 0.3753359 -0.08905792 -0.9226006 0.9633377 -0.1972813 0.1818253 0.2045647 -0.04505366 -0.9778157 0.9794479 -0.2015844 0.006760537 0.1012961 -0.04725861 0.9937332 0.964799 -0.1906782 -0.1811213 0.4608352 -0.1232833 0.8788813 0.3523445 -0.1627871 -0.9216039 0.1896767 -0.09849232 -0.9768941 0.9270958 -0.3746841 0.01025974 0.08566355 -0.0882377 0.9924092 0.9133199 -0.3634606 -0.1836935 0.4340694 -0.2049072 0.8772667 0.8538948 -0.3569867 -0.378714 0.5767213 -0.2671331 0.7720315 0.7634062 -0.3336004 -0.5531019 0.6637102 -0.286174 0.6910813 0.6464593 -0.2792451 -0.7100089 0.7790365 -0.31782 0.5404561 0.5095936 -0.2102577 -0.8343299 0.8630807 -0.3545978 0.3596556 0.9128895 -0.3661873 0.1803874 0.5914775 -0.4067184 0.6962288 0.6872621 -0.4668541 -0.5565233 0.58422 -0.4019306 -0.7050808 0.6955205 -0.4696656 0.5437512 0.4522762 -0.3089762 -0.8366481 0.7757368 -0.5127719 0.3678284 0.308804 -0.2297114 -0.9229696 0.8232798 -0.5362727 0.1860697 0.1745229 -0.1300951 -0.976021 0.8372632 -0.5467414 0.008014023 0.06044131 -0.1221985 0.9906637 0.819814 -0.5409737 -0.1877566 0.3835408 -0.2925325 0.8759688 0.7674535 -0.5089255 -0.3898847 0.5142607 -0.3688188 0.7742794 0.6993988 -0.6890118 0.1900111 0.7160532 -0.6980313 0.004496157 0.03197586 -0.1446456 0.9889668 0.1457248 -0.1668539 -0.9751534 0.6962946 -0.6916344 -0.1918746 0.3139438 -0.3641626 0.8768267 0.6481904 -0.6518714 -0.3935896 0.4360178 -0.4512087 0.7786522 0.5761377 -0.5933338 -0.5621569 0.5037293 -0.5101295 0.6971548 0.4870491 -0.5138326 -0.7062289 0.5845494 -0.5993341 0.5469011 0.371367 -0.4077362 -0.834169 0.6540766 -0.6578128 0.3734517 0.257287 -0.2905772 -0.9216119 0.4481387 -0.6914594 -0.5666179 0.3771373 -0.5988573 -0.7064966 0.4671548 -0.6949555 0.5466291 0.291765 -0.4703573 -0.8328489 0.5191158 -0.7637146 0.3837432 0.2052659 -0.3339958 -0.9199526 0.5607634 -0.802962 0.2019816 0.1056723 -0.199898 -0.9741017 0.5712212 -0.8207962 -1.14643e-4 0.03518903 -0.1361811 0.9900589 0.5501399 -0.8099478 -0.2033 0.244068 -0.4060706 0.8806461 0.50627 -0.7632416 -0.4014386 0.3415116 -0.5180126 0.7842403 0.400966 -0.598181 0.6938342 0.07023 -0.2168441 -0.9736768 0.3753147 -0.901582 -0.2151488 0.1721501 -0.4374946 0.8825887 0.3425495 -0.8470759 -0.4063525 0.2443056 -0.5666888 0.786879 0.3079792 -0.7615767 -0.570219 0.2828108 -0.6566305 0.6991813 0.2587982 -0.6567515 -0.7083086 0.3358449 -0.7653179 0.5490871 0.1949277 -0.5226898 -0.829939 0.3627923 -0.8464965 0.3896479 0.1422948 -0.3685087 -0.9186695 0.3858591 -0.8997735 0.2037658 0.3933487 -0.9193564 -0.007798731 0.04311549 -0.1249547 0.9912253 0.103718 -0.5510746 -0.8279852 0.1781379 -0.9061983 0.3834993 0.0753318 -0.3916082 -0.9170432 0.1820282 -0.961982 0.2036088 0.04413408 -0.2245274 -0.9734679 0.1838788 -0.9829035 -0.00945425 0.01727259 -0.1315723 0.9911561 0.1751675 -0.9588511 -0.2234303 0.1061477 -0.4483705 0.8875227 0.1628003 -0.8987737 -0.407065 0.1484979 -0.5938178 0.7907775 0.151289 -0.8098083 -0.5668529 0.1572111 -0.6963542 0.7002682 0.1256508 -0.6918579 -0.7110165 0.178095 -0.8192943 0.5450128 -0.01063007 -0.1297141 0.9914945 0.0217638 -0.4522345 0.8916335 -0.02298283 -0.9752935 -0.2197148 -0.01133447 -0.9169858 -0.398759 0.01159626 -0.6101981 0.792164 -0.00953418 -0.8250295 -0.5650093 0.01480787 -0.7148785 0.6990919 -0.008787751 -0.7068891 -0.7072698 0.005818963 -0.8428712 0.5380841 2.59648e-4 -0.5644699 -0.8254537 -0.002469241 -0.9280335 0.3724884 0.005094289 -0.3985502 -0.9171324 -0.009761154 -0.981108 0.1932147 0.02498376 -0.2293738 -0.9730178 -0.0244922 -0.9996008 -0.01408702 -0.1636878 -0.8288387 0.5350072 -0.1689249 -0.9123626 0.372906 -0.1187043 -0.5523577 -0.8251124 -0.06902986 -0.3984844 -0.9145737 -0.1827993 -0.9658275 0.1837432 -0.01881021 -0.2266375 -0.9737976 -0.1948299 -0.9805697 -0.02290034 -0.02381414 -0.1245121 0.9919323 -0.1873639 -0.9595836 -0.2099862 -0.08324742 -0.4455971 0.8913547 -0.1726562 -0.902598 -0.3943437 -0.1167634 -0.5988853 0.7922769 -0.156287 -0.8097074 -0.5656399 -0.13341 -0.7028057 0.6987603 -0.1333938 -0.6947369 -0.7067862 -0.3300009 -0.8548154 -0.4004871 -0.1863042 -0.4126918 0.8916145 -0.2233603 -0.5639064 0.7950597 -0.3025529 -0.7646227 -0.5690464 -0.2637762 -0.6649991 0.698712 -0.2694448 -0.6488134 -0.7116464 -0.3056812 -0.7807207 0.5450085 -0.2118258 -0.5261928 -0.8235599 -0.3277624 -0.865953 0.3777527 -0.1354309 -0.385021 -0.912917 -0.3552064 -0.9176272 0.1782943 -0.06824809 -0.2134228 -0.9745733 -0.3583929 -0.9333367 -0.02090924 -0.03165698 -0.1259179 0.9915355 -0.346626 -0.9142326 -0.2098316 -0.3045007 -0.4845808 -0.820037 -0.203102 -0.3519939 -0.9137012 -0.4921897 -0.7827631 0.3808298 -0.5223644 -0.8329365 0.182626 -0.09848994 -0.1959832 -0.9756487 -0.5240449 -0.8515487 -0.01555329 -0.03824603 -0.1312028 0.9906176 -0.5070869 -0.8358292 -0.2103632 -0.2387682 -0.378599 0.8942329 -0.4687744 -0.7819467 -0.4108648 -0.3078203 -0.5117263 0.8021115 -0.4274461 -0.6925194 -0.5811254 -0.3665248 -0.6117919 0.7009782 -0.3756593 -0.5905154 -0.7142631 -0.4391291 -0.7117968 0.5481889 -0.3919159 -0.4405252 0.8076754 -0.5371677 -0.6006916 -0.5921321 -0.4700528 -0.5310595 0.7050009 -0.457969 -0.5188775 -0.7218245 -0.5673305 -0.6162225 0.5462656 -0.3792966 -0.4216746 -0.8236048 -0.6285862 -0.6786316 0.3799193 -0.2644184 -0.3070254 -0.914231 -0.6709139 -0.7168626 0.189691 -0.127972 -0.1722118 -0.9767121 -0.6794136 -0.7337184 -0.00738269 -0.04526418 -0.1280262 0.9907374 -0.6628891 -0.7201312 -0.2049124 -0.2792776 -0.3479409 0.8949533 -0.6089009 -0.6751517 -0.4164254 -0.7965294 -0.5747281 0.1876928 -0.1581965 -0.1342676 -0.9782362 -0.8162007 -0.5776565 -0.0113818 -0.0659998 -0.1024246 0.992549 -0.8054403 -0.5551296 -0.2075987 -0.3461822 -0.2787638 0.8957951 -0.7486237 -0.5181756 -0.41359 -0.4753869 -0.3439888 0.8097401 -0.6561833 -0.4660401 -0.5934898 -0.5726626 -0.4137319 0.7077313 -0.5520959 -0.415065 -0.723126 -0.6725118 -0.4910107 0.5537476 -0.4357581 -0.3483518 -0.8299192 -0.7452777 -0.5466107 0.3818086 -0.3083903 -0.2510272 -0.9175407 -0.841439 -0.352357 -0.4096646 -0.7441937 -0.3209108 -0.585826 -0.5444978 -0.2305842 0.8064447 -0.6472337 -0.2613009 0.7161079 -0.6334108 -0.2915512 -0.7167905 -0.7552067 -0.3335166 0.5642957 -0.4939225 -0.2464942 -0.8338352 -0.8471964 -0.3679498 0.3832382 -0.3444966 -0.1731787 -0.9226762 -0.9022827 -0.3895715 0.1847166 -0.1824222 -0.08338987 -0.9796777 -0.9188221 -0.3938938 -0.02477622 -0.08575743 -0.07848805 0.9932197 -0.9001561 -0.3774079 -0.2174449 -0.4050896 -0.1851526 0.8953329 -0.1904193 -0.05112731 -0.9803707 -0.9678687 -0.1727921 0.1826828 -0.9844253 -0.1744661 -0.0216456 -0.09658616 -0.04302805 0.9943943 -0.9605585 -0.1725502 -0.2180685 -0.4358158 -0.109259 0.8933796 -0.8988245 -0.1643087 -0.4063463 -0.5885797 -0.1186308 0.7996879 -0.8001505 -0.1632487 -0.577156 -0.6859207 -0.1198549 0.7177379 -0.6821716 -0.1535367 -0.7148905 -0.8082376 -0.1496123 0.5695335 -0.5336291 -0.1326944 -0.8352438 -0.9104531 -0.1672098 0.3783068 -0.3671746 -0.09034061 -0.9257546 -0.8260263 0.01865959 -0.5633226 -0.7036123 0.00339365 -0.7105759 -0.8253997 0.02886122 0.5638106 -0.5516719 -0.01854586 -0.8338551 -0.9264683 0.02933168 0.3752284 -0.3723562 -0.02021497 -0.9278697 -0.9838312 0.02973037 0.1766136 -0.1917972 -0.02648872 -0.9810771 -0.9990802 0.03499776 -0.02477782 -0.09983783 -0.01032423 0.9949502 -0.975998 0.0383377 -0.2143789 -0.4545808 -0.01818656 0.8905199 -0.9198444 0.03501582 -0.3907176 -0.6097604 0.005055844 0.7925698 -0.7029141 0.01530456 0.7111101 -0.09777587 0.007402062 0.995181 -0.1858751 0.02976405 -0.9821225 -0.9753008 0.2189338 -0.02926677 -0.9528734 0.2128501 -0.2161652 -0.4472195 0.09092068 0.8897911 -0.8993669 0.2050105 -0.3861476 -0.6033903 0.1200343 0.7883603 -0.8128648 0.1849738 -0.5523002 -0.697932 0.1461436 0.7010942 -0.7017448 0.146008 -0.6973062 -0.807735 0.1938391 0.5567681 -0.5496079 0.09685343 -0.8297896 -0.9030672 0.2103233 0.3744781 -0.3640568 0.05534547 -0.929731 -0.9603919 0.2162525 0.1757335 -0.7692656 0.3345444 0.5443441 -0.6664037 0.275139 -0.692968 -0.5185015 0.209981 -0.8288934 -0.8483834 0.369219 0.379372 -0.3442543 0.1284539 -0.9300477 -0.9049651 0.3854547 0.1801753 -0.1748886 0.0684902 -0.9822033 -0.9200547 0.3908789 -0.02670556 -0.09448999 0.02965939 0.995084 -0.8989492 0.3827941 -0.2129768 -0.4217824 0.1712147 0.8903849 -0.8476762 0.3626949 -0.3871663 -0.5731556 0.2184984 0.7897793 -0.7734185 0.3221435 -0.5459371 -0.6715372 0.2690747 0.6903888 -0.8073476 0.5484843 -0.2176115 -0.0893681 0.0422948 0.9951003 -0.3777922 0.2366676 0.8951321 -0.7638552 0.521102 -0.3807599 -0.5210199 0.3217062 0.7905969 -0.6969273 0.4701312 -0.5415433 -0.6067215 0.4025629 0.6854431 -0.5927371 0.4080873 -0.694354 -0.7014016 0.4683894 0.537259 -0.4646238 0.3161903 -0.8271327 -0.7653205 0.5198706 0.3794988 -0.3156784 0.194016 -0.9288192 -0.8127635 0.5535802 0.1815614 -0.1624147 0.08556675 -0.9830056 -0.8291233 0.5583272 -0.02873337 -0.5041941 0.5158852 -0.6925684 -0.399439 0.4056988 -0.8221052 -0.6443771 0.6677398 0.3726955 -0.2712909 0.2564474 -0.9277048 -0.6816204 0.7081654 0.1841072 -0.1487052 0.1085126 -0.9829099 -0.697013 0.7166674 -0.0236805 -0.08546692 0.0529446 0.9949333 -0.6854324 0.6947104 -0.2180827 -0.3100405 0.317485 0.8961464 -0.6517935 0.655784 -0.3809365 -0.4279678 0.4409356 0.7889357 -0.5880776 0.5980829 -0.5444831 -0.5118845 0.5204563 0.6834468 -0.5923073 0.6028559 0.5345437 -0.2391858 0.3823236 0.892535 -0.5402044 0.8159089 -0.2060874 -0.5185085 0.7667915 -0.3783913 -0.3247339 0.5222506 0.7885444 -0.4714162 0.6935235 -0.5447862 -0.3948737 0.6139605 0.6834672 -0.4084532 0.594167 -0.6929152 -0.4545626 0.7186701 0.5261997 -0.3184421 0.472924 -0.8215458 -0.4990282 0.7846618 0.3677999 -0.2250245 0.3026684 -0.9261511 -0.5276002 0.8292962 0.184135 -0.1119864 0.1402671 -0.9837602 -0.5402927 0.841333 -0.01557111 -0.06425505 0.0755853 0.995067 -0.298487 0.7965082 0.525814 -0.3290839 0.869226 0.368985 -0.2191194 0.5270138 -0.8211231 -0.1605879 0.3399818 -0.9266196 -0.3531361 0.917382 0.1835898 -0.05837655 0.1651867 -0.9845333 -0.359124 0.9332637 -0.006995379 -0.02906197 0.09639501 0.9949188 -0.3700925 0.9089788 -0.1918054 -0.1610457 0.4272836 0.8896591 -0.3618298 0.853628 -0.3746978 -0.2125477 0.5829275 0.7842315 -0.322067 0.774034 -0.5451093 -0.2476228 0.6914057 0.6787055 -0.2754448 0.6637958 -0.6953455 -0.1997733 0.9646789 -0.171713 -0.1929887 0.9059343 -0.3768799 -0.0773155 0.4568328 0.8861863 -0.1132714 0.6189371 0.77723 -0.1614992 0.8180124 -0.5520633 -0.1231331 0.7267016 0.6758277 -0.1311346 0.7062644 -0.695697 -0.1475832 0.8388727 0.523939 -0.09365552 0.5663946 -0.8187955 -0.160255 0.9169732 0.3653472 -0.05112063 0.3731833 -0.9263483 -0.1691231 0.9683631 0.1834949 -0.006335973 0.1744076 -0.9846532 -0.1859924 0.9825229 0.007466197 -0.001459836 0.1047158 0.9945011</float_array>
          <technique_common>
            <accessor source="#Sphere-mesh-normals-array" count="482" stride="3">
              <param name="X" type="float"/>
              <param name="Y" type="float"/>
              <param name="Z" type="float"/>
            </accessor>
          </technique_common>
        </source>
        <source id="Sphere-mesh-map-0">
          <float_array id="Sphere-mesh-map-0-array" count="5760">0.75 0.1874998 0.71875 0.125 0.75 0.125 0.75 0.6250001 0.71875 0.5625 0.75 0.5625 0.75 0.06249988 0.71875 0.125 0.71875 0.06249994 0.75 0.5625 0.71875 0.5 0.75 0.5 0.75 0.9375001 0.734375 1 0.71875 0.9375001 0.734375 0 0.75 0.06249988 0.71875 0.06249994 0.75 0.5 0.71875 0.4375 0.75 0.4375 0.75 0.9375001 0.71875 0.875 0.75 0.8750001 0.75 0.4375 0.71875 0.375 0.75 0.375 0.75 0.8125 0.71875 0.875 0.71875 0.8125 0.75 0.3125001 0.71875 0.375 0.71875 0.3125 0.75 0.7500001 0.71875 0.8125 0.71875 0.7500001 0.75 0.2499999 0.71875 0.3125 0.71875 0.25 0.75 0.6875 0.71875 0.7500001 0.71875 0.6875 0.75 0.2499999 0.71875 0.1875 0.75 0.1874998 0.75 0.6250001 0.71875 0.6875 0.71875 0.6250001 0.71875 0.6875 0.6875 0.7500001 0.6875 0.6875 0.71875 0.1875 0.6875 0.25 0.6875 0.1875 0.71875 0.6875 0.6875 0.625 0.71875 0.6250001 0.71875 0.1875 0.6875 0.125 0.71875 0.125 0.71875 0.5625 0.6875 0.625 0.6875 0.5625 0.71875 0.06249994 0.6875 0.125 0.6875 0.06249994 0.71875 0.5 0.6875 0.5625 0.6875 0.5 0.71875 0.9375001 0.703125 1 0.6875 0.9375001 0.703125 0 0.71875 0.06249994 0.6875 0.06249994 0.71875 0.5 0.6875 0.4375 0.71875 0.4375 0.71875 0.875 0.6875 0.9375001 0.6875 0.875 0.71875 0.4375 0.6875 0.375 0.71875 0.375 0.71875 0.875 0.6875 0.8125 0.71875 0.8125 0.71875 0.3125 0.6875 0.375 0.6875 0.3125 0.71875 0.7500001 0.6875 0.8125 0.6875 0.7500001 0.71875 0.3125 0.6875 0.25 0.71875 0.25 0.6875 0.5 0.65625 0.4375 0.6875 0.4375 0.6875 0.875 0.65625 0.9375001 0.65625 0.875 0.6875 0.4375 0.65625 0.375 0.6875 0.375 0.6875 0.875 0.65625 0.8125 0.6875 0.8125 0.6875 0.3125 0.65625 0.375 0.65625 0.3125 0.6875 0.8125 0.65625 0.7500001 0.6875 0.7500001 0.6875 0.25 0.65625 0.3125 0.65625 0.25 0.6875 0.7500001 0.65625 0.6875 0.6875 0.6875 0.6875 0.1875 0.65625 0.25 0.65625 0.1875 0.6875 0.625 0.65625 0.6875 0.65625 0.6250001 0.6875 0.125 0.65625 0.1875 0.65625 0.125 0.6875 0.5625 0.65625 0.6250001 0.65625 0.5625 0.6875 0.125 0.65625 0.06249994 0.6875 0.06249994 0.6875 0.5 0.65625 0.5625 0.65625 0.5 0.6875 0.9375001 0.671875 1 0.65625 0.9375001 0.671875 0 0.6875 0.06249994 0.65625 0.06249994 0.65625 0.1875 0.625 0.25 0.625 0.1875 0.65625 0.6875 0.625 0.6250001 0.65625 0.6250001 0.65625 0.125 0.625 0.1875 0.625 0.125 0.65625 0.5625 0.625 0.6250001 0.625 0.5625 0.65625 0.125 0.625 0.06249994 0.65625 0.06249994 0.65625 0.5625 0.625 0.5 0.65625 0.5 0.65625 0.9375001 0.640625 1 0.625 0.9375001 0.640625 0 0.65625 0.06249994 0.625 0.06249994 0.65625 0.4375 0.625 0.5 0.625 0.4375 0.65625 0.875 0.625 0.9375001 0.625 0.875 0.65625 0.375 0.625 0.4375 0.625 0.375 0.65625 0.875 0.625 0.8125 0.65625 0.8125 0.65625 0.375 0.625 0.3125 0.65625 0.3125 0.65625 0.8125 0.625 0.75 0.65625 0.7500001 0.65625 0.25 0.625 0.3125 0.625 0.25 0.65625 0.6875 0.625 0.75 0.625 0.6875001 0.625 0.375 0.59375 0.4375 0.59375 0.375 0.625 0.875 0.59375 0.8125 0.625 0.8125 0.625 0.3125 0.59375 0.375 0.59375 0.3125 0.625 0.75 0.59375 0.8125 0.59375 0.7500001 0.625 0.25 0.59375 0.3125 0.59375 0.25 0.625 0.75 0.59375 0.6875 0.625 0.6875001 0.625 0.25 0.59375 0.1875 0.625 0.1875 0.625 0.6250001 0.59375 0.6875 0.59375 0.6250001 0.625 0.125 0.59375 0.1875 0.59375 0.125 0.625 0.6250001 0.59375 0.5625 0.625 0.5625 0.625 0.06249994 0.59375 0.125 0.59375 0.06249994 0.625 0.5625 0.59375 0.5 0.625 0.5 0.625 0.9375001 0.609375 1 0.59375 0.9375001 0.609375 0 0.625 0.06249994 0.59375 0.06249994 0.625 0.4375 0.59375 0.5 0.59375 0.4375 0.625 0.875 0.59375 0.9375001 0.59375 0.875 0.59375 0.125 0.5625 0.1875 0.5625 0.125 0.59375 0.5625 0.5625 0.6250001 0.5625 0.5625 0.59375 0.06249994 0.5625 0.125 0.5625 0.06249994 0.59375 0.5 0.5625 0.5625 0.5625 0.5 0.59375 0.9375001 0.578125 1 0.5625 0.9375001 0.578125 0 0.59375 0.06249994 0.5625 0.06249994 0.59375 0.4375 0.5625 0.5 0.5625 0.4375 0.59375 0.9375001 0.5625 0.875 0.59375 0.875 0.59375 0.4375 0.5625 0.375 0.59375 0.375 0.59375 0.8125 0.5625 0.875 0.5625 0.8125 0.59375 0.375 0.5625 0.3125 0.59375 0.3125 0.59375 0.8125 0.5625 0.7500001 0.59375 0.7500001 0.59375 0.3125 0.5625 0.25 0.59375 0.25 0.59375 0.6875 0.5625 0.7500001 0.5625 0.6875 0.59375 0.25 0.5625 0.1875 0.59375 0.1875 0.59375 0.6875 0.5625 0.6250001 0.59375 0.6250001 0.5625 0.8125 0.53125 0.875 0.53125 0.8125 0.5625 0.3125 0.53125 0.375 0.53125 0.3125 0.5625 0.7500001 0.53125 0.8125 0.53125 0.7500001 0.5625 0.3125 0.53125 0.25 0.5625 0.25 0.5625 0.6875 0.53125 0.7500001 0.53125 0.6875001 0.5625 0.25 0.53125 0.1875 0.5625 0.1875 0.5625 0.6250001 0.53125 0.6875001 0.53125 0.6250001 0.5625 0.1875 0.53125 0.125 0.5625 0.125 0.5625 0.6250001 0.53125 0.5625 0.5625 0.5625 0.5625 0.06249994 0.53125 0.125 0.53125 0.06249994 0.5625 0.5625 0.53125 0.5 0.5625 0.5 0.5625 0.9375001 0.546875 1 0.53125 0.9375001 0.546875 0 0.5625 0.06249994 0.53125 0.06249994 0.5625 0.5 0.53125 0.4375 0.5625 0.4375 0.5625 0.9375001 0.53125 0.875 0.5625 0.875 0.5625 0.375 0.53125 0.4375 0.53125 0.375 0.53125 0.6250001 0.5 0.5625 0.53125 0.5625 0.53125 0.06249994 0.5 0.125 0.5 0.06249994 0.53125 0.5 0.5 0.5625 0.5 0.5 0.53125 0.9375001 0.515625 1 0.5 0.9375001 0.515625 0 0.53125 0.06249994 0.5 0.06249994 0.53125 0.4375 0.5 0.5 0.5 0.4375 0.53125 0.9375001 0.5 0.875 0.53125 0.875 0.53125 0.375 0.5 0.4375 0.5 0.375 0.53125 0.8125 0.5 0.875 0.5 0.8125 0.53125 0.375 0.5 0.3125 0.53125 0.3125 0.53125 0.7500001 0.5 0.8125 0.5 0.7500001 0.53125 0.3125 0.5 0.25 0.53125 0.25 0.53125 0.6875001 0.5 0.7500001 0.5 0.6875001 0.53125 0.25 0.5 0.1875 0.53125 0.1875 0.53125 0.6250001 0.5 0.6875001 0.5 0.6250001 0.53125 0.1875 0.5 0.125 0.53125 0.125 0.5 0.3125 0.46875 0.375 0.46875 0.3125 0.5 0.7500001 0.46875 0.8125 0.46875 0.7500001 0.5 0.3125 0.46875 0.25 0.5 0.25 0.5 0.7500001 0.46875 0.6875001 0.5 0.6875001 0.5 0.25 0.46875 0.1875 0.5 0.1875 0.5 0.6875001 0.46875 0.6250001 0.5 0.6250001 0.5 0.125 0.46875 0.1875 0.46875 0.125 0.5 0.6250001 0.46875 0.5625 0.5 0.5625 0.5 0.06249994 0.46875 0.125 0.46875 0.06249994 0.5 0.5 0.46875 0.5625 0.46875 0.5 0.5 0.9375001 0.484375 1 0.46875 0.9375001 0.484375 0 0.5 0.06249994 0.46875 0.06249994 0.5 0.4375 0.46875 0.5 0.46875 0.4375 0.5 0.9375001 0.46875 0.875 0.5 0.875 0.5 0.375 0.46875 0.4375 0.46875 0.375 0.5 0.8125 0.46875 0.875 0.46875 0.8125 0.46875 0.06249994 0.4375 0.125 0.4375 0.06249994 0.46875 0.5625 0.4375 0.5 0.46875 0.5 0.46875 0.9375001 0.453125 1 0.4375 0.9375001 0.453125 0 0.46875 0.06249994 0.4375 0.06249994 0.46875 0.4375 0.4375 0.5 0.4375 0.4375 0.46875 0.875 0.4375 0.9375001 0.4375 0.875 0.46875 0.4375 0.4375 0.375 0.46875 0.375 0.46875 0.8125 0.4375 0.875 0.4375 0.8125001 0.46875 0.375 0.4375 0.3125 0.46875 0.3125 0.46875 0.7500001 0.4375 0.8125001 0.4375 0.7500001 0.46875 0.25 0.4375 0.3125 0.4375 0.25 0.46875 0.6875001 0.4375 0.7500001 0.4375 0.6875001 0.46875 0.1875 0.4375 0.25 0.4375 0.1875 0.46875 0.6875001 0.4375 0.6250001 0.46875 0.6250001 0.46875 0.125 0.4375 0.1875 0.4375 0.125 0.46875 0.5625 0.4375 0.6250001 0.4375 0.5625 0.4375 0.8125001 0.40625 0.7500001 0.4375 0.7500001 0.4375 0.25 0.40625 0.3125 0.40625 0.25 0.4375 0.6875001 0.40625 0.7500001 0.40625 0.6875001 0.4375 0.1875 0.40625 0.25 0.40625 0.1875 0.4375 0.6250001 0.40625 0.6875001 0.40625 0.6250001 0.4375 0.1875 0.40625 0.125 0.4375 0.125 0.4375 0.5625 0.40625 0.6250001 0.40625 0.5625 0.4375 0.06249994 0.40625 0.125 0.40625 0.06249994 0.4375 0.5625 0.40625 0.5 0.4375 0.5 0.4375 0.9375001 0.421875 1 0.40625 0.9375001 0.421875 0 0.4375 0.06249994 0.40625 0.06249994 0.4375 0.4375 0.40625 0.5 0.40625 0.4375 0.4375 0.875 0.40625 0.9375001 0.40625 0.875 0.4375 0.4375 0.40625 0.375 0.4375 0.375 0.4375 0.8125001 0.40625 0.875 0.40625 0.8125001 0.4375 0.375 0.40625 0.3125 0.4375 0.3125 0.40625 0.5 0.375 0.5625 0.375 0.5 0.40625 0.9375001 0.390625 1 0.375 0.9375001 0.390625 0 0.40625 0.06249994 0.375 0.06249994 0.40625 0.5 0.375 0.4375 0.40625 0.4375 0.40625 0.875 0.375 0.9375001 0.375 0.875 0.40625 0.375 0.375 0.4375 0.375 0.375 0.40625 0.8125001 0.375 0.875 0.375 0.8125001 0.40625 0.375 0.375 0.3125 0.40625 0.3125 0.40625 0.7500001 0.375 0.8125001 0.375 0.7500001 0.40625 0.3125 0.375 0.25 0.40625 0.25 0.40625 0.7500001 0.375 0.6875001 0.40625 0.6875001 0.40625 0.1875 0.375 0.25 0.375 0.1875 0.40625 0.6250001 0.375 0.6875001 0.375 0.6250001 0.40625 0.125 0.375 0.1875 0.375 0.125 0.40625 0.6250001 0.375 0.5625 0.40625 0.5625 0.40625 0.06249994 0.375 0.125 0.375 0.06249994 0.375 0.25 0.34375 0.3125 0.34375 0.25 0.375 0.7500001 0.34375 0.6875001 0.375 0.6875001 0.375 0.25 0.34375 0.1875 0.375 0.1875 0.375 0.6250001 0.34375 0.6875001 0.34375 0.6250001 0.375 0.125 0.34375 0.1875 0.34375 0.125 0.375 0.5625 0.34375 0.6250001 0.34375 0.5625 0.375 0.06249994 0.34375 0.125 0.34375 0.06249994 0.375 0.5 0.34375 0.5625 0.34375 0.5 0.375 0.9375001 0.359375 1 0.34375 0.9375001 0.359375 0 0.375 0.06249994 0.34375 0.06249994 0.375 0.5 0.34375 0.4375 0.375 0.4375 0.375 0.875 0.34375 0.9375001 0.34375 0.875 0.375 0.4375 0.34375 0.375 0.375 0.375 0.375 0.8125001 0.34375 0.875 0.34375 0.8125001 0.375 0.375 0.34375 0.3125 0.375 0.3125 0.375 0.8125001 0.34375 0.7500001 0.375 0.7500001 0.328125 0 0.34375 0.06249994 0.3125 0.06249994 0.34375 0.5 0.3125 0.4375 0.34375 0.4375 0.34375 0.9375001 0.3125 0.875 0.34375 0.875 0.34375 0.4375 0.3125 0.375 0.34375 0.375 0.34375 0.8125001 0.3125 0.875 0.3125 0.8125001 0.34375 0.3125 0.3125 0.375 0.3125 0.3125 0.34375 0.7500001 0.3125 0.8125001 0.3125 0.7500001 0.34375 0.3125 0.3125 0.25 0.34375 0.25 0.34375 0.6875001 0.3125 0.7500001 0.3125 0.6875001 0.34375 0.1875 0.3125 0.25 0.3125 0.1875 0.34375 0.6250001 0.3125 0.6875001 0.3125 0.6250001 0.34375 0.125 0.3125 0.1875 0.3125 0.125 0.34375 0.5625 0.3125 0.6250001 0.3125 0.5625 0.34375 0.125 0.3125 0.06249994 0.34375 0.06249994 0.34375 0.5625 0.3125 0.5 0.34375 0.5 0.34375 0.9375001 0.328125 1 0.3125 0.9375001 0.3125 0.25 0.28125 0.1875 0.3125 0.1875 0.3125 0.6875001 0.28125 0.6250001 0.3125 0.6250001 0.3125 0.125 0.28125 0.1875 0.28125 0.125 0.3125 0.6250001 0.28125 0.5625 0.3125 0.5625 0.3125 0.125 0.28125 0.06249994 0.3125 0.06249994 0.3125 0.5 0.28125 0.5625 0.28125 0.5 0.3125 0.9375001 0.296875 1 0.28125 0.9375001 0.296875 0 0.3125 0.06249994 0.28125 0.06249994 0.3125 0.5 0.28125 0.4375 0.3125 0.4375 0.3125 0.875 0.28125 0.9375001 0.28125 0.875 0.3125 0.4375 0.28125 0.375 0.3125 0.375 0.3125 0.8125001 0.28125 0.875 0.28125 0.8125001 0.3125 0.3125 0.28125 0.375 0.28125 0.3125 0.3125 0.8125001 0.28125 0.7500001 0.3125 0.7500001 0.3125 0.25 0.28125 0.3125 0.28125 0.25 0.3125 0.6875001 0.28125 0.7500001 0.28125 0.6875001 0.28125 0.875 0.25 0.9375001 0.25 0.875 0.28125 0.375 0.25 0.4375 0.25 0.375 0.28125 0.875 0.25 0.8125001 0.28125 0.8125001 0.28125 0.3125 0.25 0.375 0.25 0.3125 0.28125 0.7500001 0.25 0.8125001 0.25 0.7500001 0.28125 0.3125 0.25 0.25 0.28125 0.25 0.28125 0.7500001 0.25 0.6875001 0.28125 0.6875001 0.28125 0.1875 0.25 0.25 0.25 0.1875 0.28125 0.6875001 0.25 0.6250001 0.28125 0.6250001 0.28125 0.1875 0.25 0.125 0.28125 0.125 0.28125 0.6250001 0.25 0.5625 0.28125 0.5625 0.28125 0.06249994 0.25 0.125 0.25 0.06249994 0.28125 0.5625 0.25 0.5 0.28125 0.5 0.28125 0.9375001 0.265625 1 0.25 0.9375001 0.265625 0 0.28125 0.06249994 0.25 0.06249994 0.28125 0.4375 0.25 0.5 0.25 0.4375 0.25 0.6250001 0.21875 0.6875001 0.21875 0.6250001 0.25 0.125 0.21875 0.1875 0.21875 0.125 0.25 0.5625 0.21875 0.6250001 0.21875 0.5625 0.25 0.06249994 0.21875 0.125 0.21875 0.06249994 0.25 0.5625 0.2187499 0.5 0.25 0.5 0.25 0.9375001 0.234375 1 0.21875 0.9375001 0.234375 0 0.25 0.06249994 0.21875 0.06249994 0.25 0.4375 0.2187499 0.5 0.21875 0.4375 0.25 0.875 0.21875 0.9375001 0.21875 0.875 0.25 0.375 0.21875 0.4375 0.21875 0.375 0.25 0.875 0.21875 0.8125001 0.25 0.8125001 0.25 0.375 0.21875 0.3125 0.25 0.3125 0.25 0.7500001 0.21875 0.8125001 0.21875 0.7500001 0.25 0.25 0.21875 0.3125 0.21875 0.25 0.25 0.7500001 0.21875 0.6875001 0.25 0.6875001 0.25 0.25 0.21875 0.1875 0.25 0.1875 0.21875 0.4375 0.1875 0.375 0.21875 0.375 0.21875 0.8125001 0.1875 0.875 0.1875 0.8125001 0.21875 0.3125 0.1875 0.375 0.1875 0.3125 0.21875 0.8125001 0.1875 0.7500001 0.21875 0.7500001 0.21875 0.3125 0.1875 0.25 0.21875 0.25 0.21875 0.6875001 0.1875 0.7500001 0.1875 0.6875001 0.21875 0.25 0.1875 0.1875 0.21875 0.1875 0.21875 0.6250001 0.1875 0.6875001 0.1875 0.6250001 0.21875 0.125 0.1875 0.1875 0.1875 0.125 0.21875 0.6250001 0.1875 0.5625 0.21875 0.5625 0.21875 0.125 0.1875 0.06249994 0.21875 0.06249994 0.21875 0.5625 0.1875 0.5 0.2187499 0.5 0.21875 0.9375001 0.203125 1 0.1875 0.9375001 0.203125 0 0.21875 0.06249994 0.1875 0.06249994 0.21875 0.4375 0.1875 0.5 0.1875 0.4375 0.21875 0.9375001 0.1875 0.875 0.21875 0.875 0.1875 0.125 0.15625 0.1874999 0.15625 0.125 0.1875 0.5625 0.15625 0.6250001 0.15625 0.5625 0.1875 0.125 0.15625 0.06249994 0.1875 0.06249994 0.1875 0.5 0.15625 0.5625 0.1562499 0.5 0.1875 0.9375001 0.171875 1 0.15625 0.9375001 0.171875 0 0.1875 0.06249994 0.15625 0.06249994 0.1875 0.5 0.15625 0.4375 0.1875 0.4375 0.1875 0.9375001 0.15625 0.875 0.1875 0.875 0.1875 0.4375 0.15625 0.375 0.1875 0.375 0.1875 0.8125001 0.15625 0.875 0.15625 0.8125001 0.1875 0.375 0.15625 0.3125 0.1875 0.3125 0.1875 0.7500001 0.15625 0.8125001 0.15625 0.7500001 0.1875 0.3125 0.15625 0.25 0.1875 0.25 0.1875 0.7500001 0.15625 0.6875001 0.1875 0.6875001 0.1875 0.1875 0.15625 0.25 0.15625 0.1874999 0.1875 0.6250001 0.15625 0.6875001 0.15625 0.6250001 0.15625 0.875 0.125 0.8125001 0.15625 0.8125001 0.15625 0.375 0.125 0.3125 0.15625 0.3125 0.15625 0.7500001 0.125 0.8125001 0.125 0.7500001 0.15625 0.3125 0.125 0.25 0.15625 0.25 0.15625 0.7500001 0.125 0.6875001 0.15625 0.6875001 0.15625 0.25 0.125 0.1874999 0.15625 0.1874999 0.15625 0.6875001 0.125 0.6250001 0.15625 0.6250001 0.15625 0.125 0.125 0.1874999 0.125 0.125 0.15625 0.5625 0.125 0.6250001 0.125 0.5625 0.15625 0.125 0.125 0.06249994 0.15625 0.06249994 0.1562499 0.5 0.125 0.5625 0.1249999 0.5 0.15625 0.9375001 0.140625 1 0.125 0.9375001 0.140625 0 0.15625 0.06249994 0.125 0.06249994 0.15625 0.4375 0.1249999 0.5 0.125 0.4375 0.15625 0.9375001 0.125 0.875 0.15625 0.875 0.15625 0.4375 0.125 0.375 0.15625 0.375 0.125 0.6250001 0.09374994 0.5625 0.125 0.5625 0.125 0.125 0.09375 0.06249994 0.125 0.06249994 0.1249999 0.5 0.09374994 0.5625 0.09374994 0.5 0.125 0.9375001 0.109375 1 0.09375 0.9375001 0.109375 0 0.125 0.06249994 0.09375 0.06249994 0.1249999 0.5 0.09374994 0.4375 0.125 0.4375 0.125 0.875 0.09375 0.9375001 0.09375 0.875 0.125 0.4375 0.09375 0.375 0.125 0.375 0.125 0.875 0.09374994 0.8125001 0.125 0.8125001 0.125 0.375 0.09375 0.3125 0.125 0.3125 0.125 0.7500001 0.09374994 0.8125001 0.09375 0.7500001 0.125 0.3125 0.09375 0.2499999 0.125 0.25 0.125 0.7500001 0.09375 0.6875001 0.125 0.6875001 0.125 0.25 0.09374994 0.1874999 0.125 0.1874999 0.125 0.6250001 0.09375 0.6875001 0.09375 0.6250001 0.125 0.1874999 0.09375 0.125 0.125 0.125 0.09375 0.3125 0.0625 0.375 0.0625 0.3124999 0.09375 0.7500001 0.0625 0.8125001 0.0625 0.7500001 0.09375 0.2499999 0.0625 0.3124999 0.0625 0.25 0.09375 0.6875001 0.0625 0.7500001 0.0625 0.6875001 0.09375 0.2499999 0.0625 0.1874999 0.09374994 0.1874999 0.09375 0.6250001 0.0625 0.6875001 0.0625 0.6250001 0.09374994 0.1874999 0.0625 0.125 0.09375 0.125 0.09374994 0.5625 0.0625 0.6250001 0.0625 0.5625 0.09375 0.125 0.0625 0.06249994 0.09375 0.06249994 0.09374994 0.5625 0.06249994 0.5 0.09374994 0.5 0.09375 0.9375001 0.078125 1 0.0625 0.9375001 0.078125 0 0.09375 0.06249994 0.0625 0.06249994 0.09374994 0.5 0.0625 0.4375 0.09374994 0.4375 0.09375 0.9375001 0.0625 0.875 0.09375 0.875 0.09374994 0.4375 0.0625 0.375 0.09375 0.375 0.09375 0.875 0.0625 0.8125001 0.09374994 0.8125001 0.0625 0.125 0.03125 0.06249994 0.0625 0.06249994 0.06249994 0.5 0.03124994 0.5625 0.03124994 0.5 0.0625 0.9375001 0.04687494 1 0.03125 0.9375001 0.04687494 0 0.0625 0.06249994 0.03125 0.06249994 0.0625 0.4375 0.03124994 0.5 0.03124994 0.4375 0.0625 0.9375001 0.03124994 0.8750001 0.0625 0.875 0.0625 0.375 0.03124994 0.4375 0.03125 0.375 0.0625 0.875 0.03124994 0.8125001 0.0625 0.8125001 0.0625 0.375 0.03124994 0.3125 0.0625 0.3124999 0.0625 0.8125001 0.03125 0.7500001 0.0625 0.7500001 0.0625 0.25 0.03124994 0.3125 0.03125 0.25 0.0625 0.6875001 0.03125 0.7500001 0.03124994 0.6875001 0.0625 0.25 0.03124994 0.1874999 0.0625 0.1874999 0.0625 0.6875001 0.03125 0.6250001 0.0625 0.6250001 0.0625 0.1874999 0.03124994 0.125 0.0625 0.125 0.0625 0.6250001 0.03124994 0.5625 0.0625 0.5625 0.03125 0.25 0 0.3125 0 0.2499999 0.03125 0.7500001 0 0.6875001 0.03124994 0.6875001 0.03124994 0.1874999 0 0.2499999 0 0.1874999 0.03124994 0.6875001 0 0.6250001 0.03125 0.6250001 0.03124994 0.1874999 0 0.125 0.03124994 0.125 0.03124994 0.5625 0 0.6250001 0 0.5625 0.03124994 0.125 0 0.06249994 0.03125 0.06249994 0.03124994 0.5625 0 0.5 0.03124994 0.5 0.03125 0.9375001 0.015625 1 0 0.9375001 0.015625 0 0.03125 0.06249994 0 0.06249994 0.03124994 0.4375 0 0.5 0 0.4375 0.03124994 0.8750001 0 0.9375001 0 0.8750001 0.03125 0.375 0 0.4375 0 0.375 0.03124994 0.8750001 0 0.8125001 0.03124994 0.8125001 0.03124994 0.3125 0 0.375 0 0.3125 0.03124994 0.8125001 0 0.7500001 0.03125 0.7500001 1 0.9375001 0.984375 1 0.96875 0.9375001 0.984375 0 1 0.06249994 0.96875 0.06249994 1 0.4375 0.9687499 0.5 0.96875 0.4375 1 0.8750001 0.96875 0.9375001 0.96875 0.8750001 1 0.4375 0.96875 0.375 1 0.375 1 0.8750001 0.96875 0.8125001 1 0.8125001 1 0.3125 0.96875 0.375 0.96875 0.3124999 1 0.8125001 0.96875 0.7500001 1 0.7500001 1 0.2499999 0.96875 0.3124999 0.96875 0.2499999 1 0.7500001 0.96875 0.6875001 1 0.6875001 1 0.1874999 0.96875 0.2499999 0.96875 0.1874999 1 0.6875001 0.96875 0.6250001 1 0.6250001 1 0.1874999 0.96875 0.125 1 0.125 1 0.5625 0.96875 0.6250001 0.96875 0.5625 1 0.125 0.96875 0.06249994 1 0.06249994 1 0.5 0.96875 0.5625 0.9687499 0.5 0.96875 0.7500001 0.9375 0.6875001 0.96875 0.6875001 0.96875 0.1874999 0.9375 0.2499999 0.9375 0.1874999 0.96875 0.6250001 0.9375 0.6875001 0.9375 0.6250001 0.96875 0.1874999 0.9375 0.125 0.96875 0.125 0.96875 0.5625 0.9375 0.6250001 0.9375 0.5625001 0.96875 0.125 0.9375 0.06249994 0.96875 0.06249994 0.9687499 0.5 0.9375 0.5625001 0.9374999 0.5 0.96875 0.9375001 0.953125 1 0.9375 0.9375001 0.953125 0 0.96875 0.06249994 0.9375 0.06249994 0.96875 0.4375 0.9374999 0.5 0.9375 0.4375 0.96875 0.9375001 0.9375 0.8750001 0.96875 0.8750001 0.96875 0.4375 0.9375 0.375 0.96875 0.375 0.96875 0.8125001 0.9375 0.8750001 0.9375 0.8125001 0.96875 0.3124999 0.9375 0.375 0.9375 0.3124999 0.96875 0.7500001 0.9375 0.8125001 0.9375 0.7500001 0.96875 0.2499999 0.9375 0.3124999 0.9375 0.2499999 0.9374999 0.5 0.90625 0.4375 0.9375 0.4375 0.9375 0.8750001 0.90625 0.9375001 0.90625 0.8750001 0.9375 0.375 0.90625 0.4375 0.90625 0.375 0.9375 0.8125001 0.90625 0.8750001 0.90625 0.8125001 0.9375 0.3124999 0.90625 0.375 0.90625 0.3124999 0.9375 0.8125001 0.90625 0.7500001 0.9375 0.7500001 0.9375 0.3124999 0.90625 0.2499999 0.9375 0.2499999 0.9375 0.7500001 0.90625 0.6875001 0.9375 0.6875001 0.9375 0.2499999 0.90625 0.1874999 0.9375 0.1874999 0.9375 0.6875001 0.90625 0.6250001 0.9375 0.6250001 0.9375 0.125 0.90625 0.1874999 0.90625 0.125 0.9375 0.5625001 0.90625 0.6250001 0.90625 0.5625001 0.9375 0.125 0.90625 0.06249994 0.9375 0.06249994 0.9375 0.5625001 0.90625 0.5 0.9374999 0.5 0.9375 0.9375001 0.921875 1 0.90625 0.9375001 0.921875 0 0.9375 0.06249994 0.90625 0.06249994 0.90625 0.1874999 0.875 0.2499999 0.8749999 0.1874999 0.90625 0.6875001 0.875 0.6250001 0.90625 0.6250001 0.90625 0.125 0.8749999 0.1874999 0.875 0.125 0.90625 0.6250001 0.875 0.5625001 0.90625 0.5625001 0.90625 0.125 0.875 0.06249994 0.90625 0.06249994 0.90625 0.5 0.875 0.5625001 0.8749999 0.5 0.90625 0.9375001 0.890625 1 0.875 0.9375001 0.890625 0 0.90625 0.06249994 0.875 0.06249994 0.90625 0.5 0.875 0.4375 0.90625 0.4375 0.90625 0.9375001 0.875 0.8750001 0.90625 0.8750001 0.90625 0.4375 0.875 0.375 0.90625 0.375 0.90625 0.8125001 0.875 0.8750001 0.8749999 0.8125001 0.90625 0.375 0.875 0.3124999 0.90625 0.3124999 0.90625 0.8125001 0.875 0.7500001 0.90625 0.7500001 0.90625 0.3124999 0.875 0.2499999 0.90625 0.2499999 0.90625 0.6875001 0.875 0.7500001 0.875 0.6875001 0.875 0.9375001 0.84375 0.8750001 0.875 0.8750001 0.875 0.375 0.84375 0.4375 0.84375 0.375 0.875 0.8750001 0.84375 0.8125002 0.8749999 0.8125001 0.875 0.375 0.84375 0.3124999 0.875 0.3124999 0.875 0.7500001 0.84375 0.8125002 0.84375 0.7500001 0.875 0.2499999 0.84375 0.3124999 0.84375 0.2499999 0.875 0.7500001 0.84375 0.6875001 0.875 0.6875001 0.875 0.2499999 0.84375 0.1874998 0.8749999 0.1874999 0.875 0.6875001 0.84375 0.6250001 0.875 0.6250001 0.875 0.125 0.84375 0.1874998 0.84375 0.125 0.875 0.5625001 0.84375 0.6250001 0.84375 0.5625001 0.875 0.06249994 0.84375 0.125 0.84375 0.06249994 0.8749999 0.5 0.84375 0.5625001 0.8437499 0.5 0.875 0.9375001 0.859375 1 0.84375 0.9375001 0.859375 0 0.875 0.06249994 0.84375 0.06249994 0.875 0.4375 0.8437499 0.5 0.84375 0.4375 0.84375 0.6250001 0.8125 0.6875001 0.8125 0.6250001 0.84375 0.125 0.8125 0.1874998 0.8125 0.125 0.84375 0.6250001 0.8125 0.5625001 0.84375 0.5625001 0.84375 0.125 0.8125 0.06249988 0.84375 0.06249994 0.8437499 0.5 0.8125 0.5625001 0.8125 0.5 0.84375 0.9375001 0.828125 1 0.8125 0.9375001 0.828125 0 0.84375 0.06249994 0.8125 0.06249988 0.84375 0.4375 0.8125 0.5 0.8125 0.4375 0.84375 0.9375001 0.8125 0.8750001 0.84375 0.8750001 0.84375 0.375 0.8125 0.4375 0.8125 0.375 0.84375 0.8125002 0.8125 0.8750001 0.8125 0.8125002 0.84375 0.3124999 0.8125 0.375 0.8125 0.3124999 0.84375 0.8125002 0.8125 0.7500001 0.84375 0.7500001 0.84375 0.2499999 0.8125 0.3124999 0.8125 0.2499999 0.84375 0.6875001 0.8125 0.7500001 0.8125 0.6875001 0.84375 0.2499999 0.8125 0.1874998 0.84375 0.1874998 0.8125 0.375 0.78125 0.4375 0.78125 0.375 0.8125 0.8125002 0.78125 0.8750001 0.78125 0.8125002 0.8125 0.375 0.78125 0.3124999 0.8125 0.3124999 0.8125 0.8125002 0.78125 0.7500001 0.8125 0.7500001 0.8125 0.3124999 0.78125 0.25 0.8125 0.2499999 0.8125 0.6875001 0.78125 0.7500001 0.78125 0.6875001 0.8125 0.1874998 0.78125 0.25 0.78125 0.1874998 0.8125 0.6875001 0.78125 0.6250001 0.8125 0.6250001 0.8125 0.125 0.78125 0.1874998 0.78125 0.125 0.8125 0.5625001 0.78125 0.6250001 0.78125 0.5625001 0.8125 0.125 0.78125 0.06249988 0.8125 0.06249988 0.8125 0.5625001 0.7812499 0.5 0.8125 0.5 0.8125 0.9375001 0.796875 1 0.78125 0.9375001 0.796875 0 0.8125 0.06249988 0.78125 0.06249988 0.8125 0.4375 0.7812499 0.5 0.78125 0.4375 0.8125 0.9375001 0.78125 0.8750001 0.8125 0.8750001 0.78125 0.1874998 0.75 0.125 0.78125 0.125 0.78125 0.6250001 0.75 0.5625 0.78125 0.5625001 0.78125 0.06249988 0.75 0.125 0.75 0.06249988 0.7812499 0.5 0.75 0.5625 0.75 0.5 0.78125 0.9375001 0.765625 1 0.75 0.9375001 0.765625 0 0.78125 0.06249988 0.75 0.06249988 0.78125 0.4375 0.75 0.5 0.75 0.4375 0.78125 0.8750001 0.75 0.9375001 0.75 0.8750001 0.78125 0.375 0.75 0.4375 0.75 0.375 0.78125 0.8125002 0.75 0.8750001 0.75 0.8125 0.78125 0.375 0.75 0.3125001 0.78125 0.3124999 0.78125 0.8125002 0.75 0.7500001 0.78125 0.7500001 0.78125 0.3124999 0.75 0.2499999 0.78125 0.25 0.78125 0.7500001 0.75 0.6875 0.78125 0.6875001 0.78125 0.25 0.75 0.1874998 0.78125 0.1874998 0.78125 0.6250001 0.75 0.6875 0.75 0.6250001 0.75 0.1874998 0.71875 0.1875 0.71875 0.125 0.75 0.6250001 0.71875 0.6250001 0.71875 0.5625 0.75 0.06249988 0.75 0.125 0.71875 0.125 0.75 0.5625 0.71875 0.5625 0.71875 0.5 0.75 0.5 0.71875 0.5 0.71875 0.4375 0.75 0.9375001 0.71875 0.9375001 0.71875 0.875 0.75 0.4375 0.71875 0.4375 0.71875 0.375 0.75 0.8125 0.75 0.8750001 0.71875 0.875 0.75 0.3125001 0.75 0.375 0.71875 0.375 0.75 0.7500001 0.75 0.8125 0.71875 0.8125 0.75 0.2499999 0.75 0.3125001 0.71875 0.3125 0.75 0.6875 0.75 0.7500001 0.71875 0.7500001 0.75 0.2499999 0.71875 0.25 0.71875 0.1875 0.75 0.6250001 0.75 0.6875 0.71875 0.6875 0.71875 0.6875 0.71875 0.7500001 0.6875 0.7500001 0.71875 0.1875 0.71875 0.25 0.6875 0.25 0.71875 0.6875 0.6875 0.6875 0.6875 0.625 0.71875 0.1875 0.6875 0.1875 0.6875 0.125 0.71875 0.5625 0.71875 0.6250001 0.6875 0.625 0.71875 0.06249994 0.71875 0.125 0.6875 0.125 0.71875 0.5 0.71875 0.5625 0.6875 0.5625 0.71875 0.5 0.6875 0.5 0.6875 0.4375 0.71875 0.875 0.71875 0.9375001 0.6875 0.9375001 0.71875 0.4375 0.6875 0.4375 0.6875 0.375 0.71875 0.875 0.6875 0.875 0.6875 0.8125 0.71875 0.3125 0.71875 0.375 0.6875 0.375 0.71875 0.7500001 0.71875 0.8125 0.6875 0.8125 0.71875 0.3125 0.6875 0.3125 0.6875 0.25 0.6875 0.5 0.65625 0.5 0.65625 0.4375 0.6875 0.875 0.6875 0.9375001 0.65625 0.9375001 0.6875 0.4375 0.65625 0.4375 0.65625 0.375 0.6875 0.875 0.65625 0.875 0.65625 0.8125 0.6875 0.3125 0.6875 0.375 0.65625 0.375 0.6875 0.8125 0.65625 0.8125 0.65625 0.7500001 0.6875 0.25 0.6875 0.3125 0.65625 0.3125 0.6875 0.7500001 0.65625 0.7500001 0.65625 0.6875 0.6875 0.1875 0.6875 0.25 0.65625 0.25 0.6875 0.625 0.6875 0.6875 0.65625 0.6875 0.6875 0.125 0.6875 0.1875 0.65625 0.1875 0.6875 0.5625 0.6875 0.625 0.65625 0.6250001 0.6875 0.125 0.65625 0.125 0.65625 0.06249994 0.6875 0.5 0.6875 0.5625 0.65625 0.5625 0.65625 0.1875 0.65625 0.25 0.625 0.25 0.65625 0.6875 0.625 0.6875001 0.625 0.6250001 0.65625 0.125 0.65625 0.1875 0.625 0.1875 0.65625 0.5625 0.65625 0.6250001 0.625 0.6250001 0.65625 0.125 0.625 0.125 0.625 0.06249994 0.65625 0.5625 0.625 0.5625 0.625 0.5 0.65625 0.4375 0.65625 0.5 0.625 0.5 0.65625 0.875 0.65625 0.9375001 0.625 0.9375001 0.65625 0.375 0.65625 0.4375 0.625 0.4375 0.65625 0.875 0.625 0.875 0.625 0.8125 0.65625 0.375 0.625 0.375 0.625 0.3125 0.65625 0.8125 0.625 0.8125 0.625 0.75 0.65625 0.25 0.65625 0.3125 0.625 0.3125 0.65625 0.6875 0.65625 0.7500001 0.625 0.75 0.625 0.375 0.625 0.4375 0.59375 0.4375 0.625 0.875 0.59375 0.875 0.59375 0.8125 0.625 0.3125 0.625 0.375 0.59375 0.375 0.625 0.75 0.625 0.8125 0.59375 0.8125 0.625 0.25 0.625 0.3125 0.59375 0.3125 0.625 0.75 0.59375 0.7500001 0.59375 0.6875 0.625 0.25 0.59375 0.25 0.59375 0.1875 0.625 0.6250001 0.625 0.6875001 0.59375 0.6875 0.625 0.125 0.625 0.1875 0.59375 0.1875 0.625 0.6250001 0.59375 0.6250001 0.59375 0.5625 0.625 0.06249994 0.625 0.125 0.59375 0.125 0.625 0.5625 0.59375 0.5625 0.59375 0.5 0.625 0.4375 0.625 0.5 0.59375 0.5 0.625 0.875 0.625 0.9375001 0.59375 0.9375001 0.59375 0.125 0.59375 0.1875 0.5625 0.1875 0.59375 0.5625 0.59375 0.6250001 0.5625 0.6250001 0.59375 0.06249994 0.59375 0.125 0.5625 0.125 0.59375 0.5 0.59375 0.5625 0.5625 0.5625 0.59375 0.4375 0.59375 0.5 0.5625 0.5 0.59375 0.9375001 0.5625 0.9375001 0.5625 0.875 0.59375 0.4375 0.5625 0.4375 0.5625 0.375 0.59375 0.8125 0.59375 0.875 0.5625 0.875 0.59375 0.375 0.5625 0.375 0.5625 0.3125 0.59375 0.8125 0.5625 0.8125 0.5625 0.7500001 0.59375 0.3125 0.5625 0.3125 0.5625 0.25 0.59375 0.6875 0.59375 0.7500001 0.5625 0.7500001 0.59375 0.25 0.5625 0.25 0.5625 0.1875 0.59375 0.6875 0.5625 0.6875 0.5625 0.6250001 0.5625 0.8125 0.5625 0.875 0.53125 0.875 0.5625 0.3125 0.5625 0.375 0.53125 0.375 0.5625 0.7500001 0.5625 0.8125 0.53125 0.8125 0.5625 0.3125 0.53125 0.3125 0.53125 0.25 0.5625 0.6875 0.5625 0.7500001 0.53125 0.7500001 0.5625 0.25 0.53125 0.25 0.53125 0.1875 0.5625 0.6250001 0.5625 0.6875 0.53125 0.6875001 0.5625 0.1875 0.53125 0.1875 0.53125 0.125 0.5625 0.6250001 0.53125 0.6250001 0.53125 0.5625 0.5625 0.06249994 0.5625 0.125 0.53125 0.125 0.5625 0.5625 0.53125 0.5625 0.53125 0.5 0.5625 0.5 0.53125 0.5 0.53125 0.4375 0.5625 0.9375001 0.53125 0.9375001 0.53125 0.875 0.5625 0.375 0.5625 0.4375 0.53125 0.4375 0.53125 0.6250001 0.5 0.6250001 0.5 0.5625 0.53125 0.06249994 0.53125 0.125 0.5 0.125 0.53125 0.5 0.53125 0.5625 0.5 0.5625 0.53125 0.4375 0.53125 0.5 0.5 0.5 0.53125 0.9375001 0.5 0.9375001 0.5 0.875 0.53125 0.375 0.53125 0.4375 0.5 0.4375 0.53125 0.8125 0.53125 0.875 0.5 0.875 0.53125 0.375 0.5 0.375 0.5 0.3125 0.53125 0.7500001 0.53125 0.8125 0.5 0.8125 0.53125 0.3125 0.5 0.3125 0.5 0.25 0.53125 0.6875001 0.53125 0.7500001 0.5 0.7500001 0.53125 0.25 0.5 0.25 0.5 0.1875 0.53125 0.6250001 0.53125 0.6875001 0.5 0.6875001 0.53125 0.1875 0.5 0.1875 0.5 0.125 0.5 0.3125 0.5 0.375 0.46875 0.375 0.5 0.7500001 0.5 0.8125 0.46875 0.8125 0.5 0.3125 0.46875 0.3125 0.46875 0.25 0.5 0.7500001 0.46875 0.7500001 0.46875 0.6875001 0.5 0.25 0.46875 0.25 0.46875 0.1875 0.5 0.6875001 0.46875 0.6875001 0.46875 0.6250001 0.5 0.125 0.5 0.1875 0.46875 0.1875 0.5 0.6250001 0.46875 0.6250001 0.46875 0.5625 0.5 0.06249994 0.5 0.125 0.46875 0.125 0.5 0.5 0.5 0.5625 0.46875 0.5625 0.5 0.4375 0.5 0.5 0.46875 0.5 0.5 0.9375001 0.46875 0.9375001 0.46875 0.875 0.5 0.375 0.5 0.4375 0.46875 0.4375 0.5 0.8125 0.5 0.875 0.46875 0.875 0.46875 0.06249994 0.46875 0.125 0.4375 0.125 0.46875 0.5625 0.4375 0.5625 0.4375 0.5 0.46875 0.4375 0.46875 0.5 0.4375 0.5 0.46875 0.875 0.46875 0.9375001 0.4375 0.9375001 0.46875 0.4375 0.4375 0.4375 0.4375 0.375 0.46875 0.8125 0.46875 0.875 0.4375 0.875 0.46875 0.375 0.4375 0.375 0.4375 0.3125 0.46875 0.7500001 0.46875 0.8125 0.4375 0.8125001 0.46875 0.25 0.46875 0.3125 0.4375 0.3125 0.46875 0.6875001 0.46875 0.7500001 0.4375 0.7500001 0.46875 0.1875 0.46875 0.25 0.4375 0.25 0.46875 0.6875001 0.4375 0.6875001 0.4375 0.6250001 0.46875 0.125 0.46875 0.1875 0.4375 0.1875 0.46875 0.5625 0.46875 0.6250001 0.4375 0.6250001 0.4375 0.8125001 0.40625 0.8125001 0.40625 0.7500001 0.4375 0.25 0.4375 0.3125 0.40625 0.3125 0.4375 0.6875001 0.4375 0.7500001 0.40625 0.7500001 0.4375 0.1875 0.4375 0.25 0.40625 0.25 0.4375 0.6250001 0.4375 0.6875001 0.40625 0.6875001 0.4375 0.1875 0.40625 0.1875 0.40625 0.125 0.4375 0.5625 0.4375 0.6250001 0.40625 0.6250001 0.4375 0.06249994 0.4375 0.125 0.40625 0.125 0.4375 0.5625 0.40625 0.5625 0.40625 0.5 0.4375 0.4375 0.4375 0.5 0.40625 0.5 0.4375 0.875 0.4375 0.9375001 0.40625 0.9375001 0.4375 0.4375 0.40625 0.4375 0.40625 0.375 0.4375 0.8125001 0.4375 0.875 0.40625 0.875 0.4375 0.375 0.40625 0.375 0.40625 0.3125 0.40625 0.5 0.40625 0.5625 0.375 0.5625 0.40625 0.5 0.375 0.5 0.375 0.4375 0.40625 0.875 0.40625 0.9375001 0.375 0.9375001 0.40625 0.375 0.40625 0.4375 0.375 0.4375 0.40625 0.8125001 0.40625 0.875 0.375 0.875 0.40625 0.375 0.375 0.375 0.375 0.3125 0.40625 0.7500001 0.40625 0.8125001 0.375 0.8125001 0.40625 0.3125 0.375 0.3125 0.375 0.25 0.40625 0.7500001 0.375 0.7500001 0.375 0.6875001 0.40625 0.1875 0.40625 0.25 0.375 0.25 0.40625 0.6250001 0.40625 0.6875001 0.375 0.6875001 0.40625 0.125 0.40625 0.1875 0.375 0.1875 0.40625 0.6250001 0.375 0.6250001 0.375 0.5625 0.40625 0.06249994 0.40625 0.125 0.375 0.125 0.375 0.25 0.375 0.3125 0.34375 0.3125 0.375 0.7500001 0.34375 0.7500001 0.34375 0.6875001 0.375 0.25 0.34375 0.25 0.34375 0.1875 0.375 0.6250001 0.375 0.6875001 0.34375 0.6875001 0.375 0.125 0.375 0.1875 0.34375 0.1875 0.375 0.5625 0.375 0.6250001 0.34375 0.6250001 0.375 0.06249994 0.375 0.125 0.34375 0.125 0.375 0.5 0.375 0.5625 0.34375 0.5625 0.375 0.5 0.34375 0.5 0.34375 0.4375 0.375 0.875 0.375 0.9375001 0.34375 0.9375001 0.375 0.4375 0.34375 0.4375 0.34375 0.375 0.375 0.8125001 0.375 0.875 0.34375 0.875 0.375 0.375 0.34375 0.375 0.34375 0.3125 0.375 0.8125001 0.34375 0.8125001 0.34375 0.7500001 0.34375 0.5 0.3125 0.5 0.3125 0.4375 0.34375 0.9375001 0.3125 0.9375001 0.3125 0.875 0.34375 0.4375 0.3125 0.4375 0.3125 0.375 0.34375 0.8125001 0.34375 0.875 0.3125 0.875 0.34375 0.3125 0.34375 0.375 0.3125 0.375 0.34375 0.7500001 0.34375 0.8125001 0.3125 0.8125001 0.34375 0.3125 0.3125 0.3125 0.3125 0.25 0.34375 0.6875001 0.34375 0.7500001 0.3125 0.7500001 0.34375 0.1875 0.34375 0.25 0.3125 0.25 0.34375 0.6250001 0.34375 0.6875001 0.3125 0.6875001 0.34375 0.125 0.34375 0.1875 0.3125 0.1875 0.34375 0.5625 0.34375 0.6250001 0.3125 0.6250001 0.34375 0.125 0.3125 0.125 0.3125 0.06249994 0.34375 0.5625 0.3125 0.5625 0.3125 0.5 0.3125 0.25 0.28125 0.25 0.28125 0.1875 0.3125 0.6875001 0.28125 0.6875001 0.28125 0.6250001 0.3125 0.125 0.3125 0.1875 0.28125 0.1875 0.3125 0.6250001 0.28125 0.6250001 0.28125 0.5625 0.3125 0.125 0.28125 0.125 0.28125 0.06249994 0.3125 0.5 0.3125 0.5625 0.28125 0.5625 0.3125 0.5 0.28125 0.5 0.28125 0.4375 0.3125 0.875 0.3125 0.9375001 0.28125 0.9375001 0.3125 0.4375 0.28125 0.4375 0.28125 0.375 0.3125 0.8125001 0.3125 0.875 0.28125 0.875 0.3125 0.3125 0.3125 0.375 0.28125 0.375 0.3125 0.8125001 0.28125 0.8125001 0.28125 0.7500001 0.3125 0.25 0.3125 0.3125 0.28125 0.3125 0.3125 0.6875001 0.3125 0.7500001 0.28125 0.7500001 0.28125 0.875 0.28125 0.9375001 0.25 0.9375001 0.28125 0.375 0.28125 0.4375 0.25 0.4375 0.28125 0.875 0.25 0.875 0.25 0.8125001 0.28125 0.3125 0.28125 0.375 0.25 0.375 0.28125 0.7500001 0.28125 0.8125001 0.25 0.8125001 0.28125 0.3125 0.25 0.3125 0.25 0.25 0.28125 0.7500001 0.25 0.7500001 0.25 0.6875001 0.28125 0.1875 0.28125 0.25 0.25 0.25 0.28125 0.6875001 0.25 0.6875001 0.25 0.6250001 0.28125 0.1875 0.25 0.1875 0.25 0.125 0.28125 0.6250001 0.25 0.6250001 0.25 0.5625 0.28125 0.06249994 0.28125 0.125 0.25 0.125 0.28125 0.5625 0.25 0.5625 0.25 0.5 0.28125 0.4375 0.28125 0.5 0.25 0.5 0.25 0.6250001 0.25 0.6875001 0.21875 0.6875001 0.25 0.125 0.25 0.1875 0.21875 0.1875 0.25 0.5625 0.25 0.6250001 0.21875 0.6250001 0.25 0.06249994 0.25 0.125 0.21875 0.125 0.25 0.5625 0.21875 0.5625 0.2187499 0.5 0.25 0.4375 0.25 0.5 0.2187499 0.5 0.25 0.875 0.25 0.9375001 0.21875 0.9375001 0.25 0.375 0.25 0.4375 0.21875 0.4375 0.25 0.875 0.21875 0.875 0.21875 0.8125001 0.25 0.375 0.21875 0.375 0.21875 0.3125 0.25 0.7500001 0.25 0.8125001 0.21875 0.8125001 0.25 0.25 0.25 0.3125 0.21875 0.3125 0.25 0.7500001 0.21875 0.7500001 0.21875 0.6875001 0.25 0.25 0.21875 0.25 0.21875 0.1875 0.21875 0.4375 0.1875 0.4375 0.1875 0.375 0.21875 0.8125001 0.21875 0.875 0.1875 0.875 0.21875 0.3125 0.21875 0.375 0.1875 0.375 0.21875 0.8125001 0.1875 0.8125001 0.1875 0.7500001 0.21875 0.3125 0.1875 0.3125 0.1875 0.25 0.21875 0.6875001 0.21875 0.7500001 0.1875 0.7500001 0.21875 0.25 0.1875 0.25 0.1875 0.1875 0.21875 0.6250001 0.21875 0.6875001 0.1875 0.6875001 0.21875 0.125 0.21875 0.1875 0.1875 0.1875 0.21875 0.6250001 0.1875 0.6250001 0.1875 0.5625 0.21875 0.125 0.1875 0.125 0.1875 0.06249994 0.21875 0.5625 0.1875 0.5625 0.1875 0.5 0.21875 0.4375 0.2187499 0.5 0.1875 0.5 0.21875 0.9375001 0.1875 0.9375001 0.1875 0.875 0.1875 0.125 0.1875 0.1875 0.15625 0.1874999 0.1875 0.5625 0.1875 0.6250001 0.15625 0.6250001 0.1875 0.125 0.15625 0.125 0.15625 0.06249994 0.1875 0.5 0.1875 0.5625 0.15625 0.5625 0.1875 0.5 0.1562499 0.5 0.15625 0.4375 0.1875 0.9375001 0.15625 0.9375001 0.15625 0.875 0.1875 0.4375 0.15625 0.4375 0.15625 0.375 0.1875 0.8125001 0.1875 0.875 0.15625 0.875 0.1875 0.375 0.15625 0.375 0.15625 0.3125 0.1875 0.7500001 0.1875 0.8125001 0.15625 0.8125001 0.1875 0.3125 0.15625 0.3125 0.15625 0.25 0.1875 0.7500001 0.15625 0.7500001 0.15625 0.6875001 0.1875 0.1875 0.1875 0.25 0.15625 0.25 0.1875 0.6250001 0.1875 0.6875001 0.15625 0.6875001 0.15625 0.875 0.125 0.875 0.125 0.8125001 0.15625 0.375 0.125 0.375 0.125 0.3125 0.15625 0.7500001 0.15625 0.8125001 0.125 0.8125001 0.15625 0.3125 0.125 0.3125 0.125 0.25 0.15625 0.7500001 0.125 0.7500001 0.125 0.6875001 0.15625 0.25 0.125 0.25 0.125 0.1874999 0.15625 0.6875001 0.125 0.6875001 0.125 0.6250001 0.15625 0.125 0.15625 0.1874999 0.125 0.1874999 0.15625 0.5625 0.15625 0.6250001 0.125 0.6250001 0.15625 0.125 0.125 0.125 0.125 0.06249994 0.1562499 0.5 0.15625 0.5625 0.125 0.5625 0.15625 0.4375 0.1562499 0.5 0.1249999 0.5 0.15625 0.9375001 0.125 0.9375001 0.125 0.875 0.15625 0.4375 0.125 0.4375 0.125 0.375 0.125 0.6250001 0.09375 0.6250001 0.09374994 0.5625 0.125 0.125 0.09375 0.125 0.09375 0.06249994 0.1249999 0.5 0.125 0.5625 0.09374994 0.5625 0.1249999 0.5 0.09374994 0.5 0.09374994 0.4375 0.125 0.875 0.125 0.9375001 0.09375 0.9375001 0.125 0.4375 0.09374994 0.4375 0.09375 0.375 0.125 0.875 0.09375 0.875 0.09374994 0.8125001 0.125 0.375 0.09375 0.375 0.09375 0.3125 0.125 0.7500001 0.125 0.8125001 0.09374994 0.8125001 0.125 0.3125 0.09375 0.3125 0.09375 0.2499999 0.125 0.7500001 0.09375 0.7500001 0.09375 0.6875001 0.125 0.25 0.09375 0.2499999 0.09374994 0.1874999 0.125 0.6250001 0.125 0.6875001 0.09375 0.6875001 0.125 0.1874999 0.09374994 0.1874999 0.09375 0.125 0.09375 0.3125 0.09375 0.375 0.0625 0.375 0.09375 0.7500001 0.09374994 0.8125001 0.0625 0.8125001 0.09375 0.2499999 0.09375 0.3125 0.0625 0.3124999 0.09375 0.6875001 0.09375 0.7500001 0.0625 0.7500001 0.09375 0.2499999 0.0625 0.25 0.0625 0.1874999 0.09375 0.6250001 0.09375 0.6875001 0.0625 0.6875001 0.09374994 0.1874999 0.0625 0.1874999 0.0625 0.125 0.09374994 0.5625 0.09375 0.6250001 0.0625 0.6250001 0.09375 0.125 0.0625 0.125 0.0625 0.06249994 0.09374994 0.5625 0.0625 0.5625 0.06249994 0.5 0.09374994 0.5 0.06249994 0.5 0.0625 0.4375 0.09375 0.9375001 0.0625 0.9375001 0.0625 0.875 0.09374994 0.4375 0.0625 0.4375 0.0625 0.375 0.09375 0.875 0.0625 0.875 0.0625 0.8125001 0.0625 0.125 0.03124994 0.125 0.03125 0.06249994 0.06249994 0.5 0.0625 0.5625 0.03124994 0.5625 0.0625 0.4375 0.06249994 0.5 0.03124994 0.5 0.0625 0.9375001 0.03125 0.9375001 0.03124994 0.8750001 0.0625 0.375 0.0625 0.4375 0.03124994 0.4375 0.0625 0.875 0.03124994 0.8750001 0.03124994 0.8125001 0.0625 0.375 0.03125 0.375 0.03124994 0.3125 0.0625 0.8125001 0.03124994 0.8125001 0.03125 0.7500001 0.0625 0.25 0.0625 0.3124999 0.03124994 0.3125 0.0625 0.6875001 0.0625 0.7500001 0.03125 0.7500001 0.0625 0.25 0.03125 0.25 0.03124994 0.1874999 0.0625 0.6875001 0.03124994 0.6875001 0.03125 0.6250001 0.0625 0.1874999 0.03124994 0.1874999 0.03124994 0.125 0.0625 0.6250001 0.03125 0.6250001 0.03124994 0.5625 0.03125 0.25 0.03124994 0.3125 0 0.3125 0.03125 0.7500001 0 0.7500001 0 0.6875001 0.03124994 0.1874999 0.03125 0.25 0 0.2499999 0.03124994 0.6875001 0 0.6875001 0 0.6250001 0.03124994 0.1874999 0 0.1874999 0 0.125 0.03124994 0.5625 0.03125 0.6250001 0 0.6250001 0.03124994 0.125 0 0.125 0 0.06249994 0.03124994 0.5625 0 0.5625 0 0.5 0.03124994 0.4375 0.03124994 0.5 0 0.5 0.03124994 0.8750001 0.03125 0.9375001 0 0.9375001 0.03125 0.375 0.03124994 0.4375 0 0.4375 0.03124994 0.8750001 0 0.8750001 0 0.8125001 0.03124994 0.3125 0.03125 0.375 0 0.375 0.03124994 0.8125001 0 0.8125001 0 0.7500001 1 0.4375 1 0.5 0.9687499 0.5 1 0.8750001 1 0.9375001 0.96875 0.9375001 1 0.4375 0.96875 0.4375 0.96875 0.375 1 0.8750001 0.96875 0.8750001 0.96875 0.8125001 1 0.3125 1 0.375 0.96875 0.375 1 0.8125001 0.96875 0.8125001 0.96875 0.7500001 1 0.2499999 1 0.3125 0.96875 0.3124999 1 0.7500001 0.96875 0.7500001 0.96875 0.6875001 1 0.1874999 1 0.2499999 0.96875 0.2499999 1 0.6875001 0.96875 0.6875001 0.96875 0.6250001 1 0.1874999 0.96875 0.1874999 0.96875 0.125 1 0.5625 1 0.6250001 0.96875 0.6250001 1 0.125 0.96875 0.125 0.96875 0.06249994 1 0.5 1 0.5625 0.96875 0.5625 0.96875 0.7500001 0.9375 0.7500001 0.9375 0.6875001 0.96875 0.1874999 0.96875 0.2499999 0.9375 0.2499999 0.96875 0.6250001 0.96875 0.6875001 0.9375 0.6875001 0.96875 0.1874999 0.9375 0.1874999 0.9375 0.125 0.96875 0.5625 0.96875 0.6250001 0.9375 0.6250001 0.96875 0.125 0.9375 0.125 0.9375 0.06249994 0.9687499 0.5 0.96875 0.5625 0.9375 0.5625001 0.96875 0.4375 0.9687499 0.5 0.9374999 0.5 0.96875 0.9375001 0.9375 0.9375001 0.9375 0.8750001 0.96875 0.4375 0.9375 0.4375 0.9375 0.375 0.96875 0.8125001 0.96875 0.8750001 0.9375 0.8750001 0.96875 0.3124999 0.96875 0.375 0.9375 0.375 0.96875 0.7500001 0.96875 0.8125001 0.9375 0.8125001 0.96875 0.2499999 0.96875 0.3124999 0.9375 0.3124999 0.9374999 0.5 0.90625 0.5 0.90625 0.4375 0.9375 0.8750001 0.9375 0.9375001 0.90625 0.9375001 0.9375 0.375 0.9375 0.4375 0.90625 0.4375 0.9375 0.8125001 0.9375 0.8750001 0.90625 0.8750001 0.9375 0.3124999 0.9375 0.375 0.90625 0.375 0.9375 0.8125001 0.90625 0.8125001 0.90625 0.7500001 0.9375 0.3124999 0.90625 0.3124999 0.90625 0.2499999 0.9375 0.7500001 0.90625 0.7500001 0.90625 0.6875001 0.9375 0.2499999 0.90625 0.2499999 0.90625 0.1874999 0.9375 0.6875001 0.90625 0.6875001 0.90625 0.6250001 0.9375 0.125 0.9375 0.1874999 0.90625 0.1874999 0.9375 0.5625001 0.9375 0.6250001 0.90625 0.6250001 0.9375 0.125 0.90625 0.125 0.90625 0.06249994 0.9375 0.5625001 0.90625 0.5625001 0.90625 0.5 0.90625 0.1874999 0.90625 0.2499999 0.875 0.2499999 0.90625 0.6875001 0.875 0.6875001 0.875 0.6250001 0.90625 0.125 0.90625 0.1874999 0.8749999 0.1874999 0.90625 0.6250001 0.875 0.6250001 0.875 0.5625001 0.90625 0.125 0.875 0.125 0.875 0.06249994 0.90625 0.5 0.90625 0.5625001 0.875 0.5625001 0.90625 0.5 0.8749999 0.5 0.875 0.4375 0.90625 0.9375001 0.875 0.9375001 0.875 0.8750001 0.90625 0.4375 0.875 0.4375 0.875 0.375 0.90625 0.8125001 0.90625 0.8750001 0.875 0.8750001 0.90625 0.375 0.875 0.375 0.875 0.3124999 0.90625 0.8125001 0.8749999 0.8125001 0.875 0.7500001 0.90625 0.3124999 0.875 0.3124999 0.875 0.2499999 0.90625 0.6875001 0.90625 0.7500001 0.875 0.7500001 0.875 0.9375001 0.84375 0.9375001 0.84375 0.8750001 0.875 0.375 0.875 0.4375 0.84375 0.4375 0.875 0.8750001 0.84375 0.8750001 0.84375 0.8125002 0.875 0.375 0.84375 0.375 0.84375 0.3124999 0.875 0.7500001 0.8749999 0.8125001 0.84375 0.8125002 0.875 0.2499999 0.875 0.3124999 0.84375 0.3124999 0.875 0.7500001 0.84375 0.7500001 0.84375 0.6875001 0.875 0.2499999 0.84375 0.2499999 0.84375 0.1874998 0.875 0.6875001 0.84375 0.6875001 0.84375 0.6250001 0.875 0.125 0.8749999 0.1874999 0.84375 0.1874998 0.875 0.5625001 0.875 0.6250001 0.84375 0.6250001 0.875 0.06249994 0.875 0.125 0.84375 0.125 0.8749999 0.5 0.875 0.5625001 0.84375 0.5625001 0.875 0.4375 0.8749999 0.5 0.8437499 0.5 0.84375 0.6250001 0.84375 0.6875001 0.8125 0.6875001 0.84375 0.125 0.84375 0.1874998 0.8125 0.1874998 0.84375 0.6250001 0.8125 0.6250001 0.8125 0.5625001 0.84375 0.125 0.8125 0.125 0.8125 0.06249988 0.8437499 0.5 0.84375 0.5625001 0.8125 0.5625001 0.84375 0.4375 0.8437499 0.5 0.8125 0.5 0.84375 0.9375001 0.8125 0.9375001 0.8125 0.8750001 0.84375 0.375 0.84375 0.4375 0.8125 0.4375 0.84375 0.8125002 0.84375 0.8750001 0.8125 0.8750001 0.84375 0.3124999 0.84375 0.375 0.8125 0.375 0.84375 0.8125002 0.8125 0.8125002 0.8125 0.7500001 0.84375 0.2499999 0.84375 0.3124999 0.8125 0.3124999 0.84375 0.6875001 0.84375 0.7500001 0.8125 0.7500001 0.84375 0.2499999 0.8125 0.2499999 0.8125 0.1874998 0.8125 0.375 0.8125 0.4375 0.78125 0.4375 0.8125 0.8125002 0.8125 0.8750001 0.78125 0.8750001 0.8125 0.375 0.78125 0.375 0.78125 0.3124999 0.8125 0.8125002 0.78125 0.8125002 0.78125 0.7500001 0.8125 0.3124999 0.78125 0.3124999 0.78125 0.25 0.8125 0.6875001 0.8125 0.7500001 0.78125 0.7500001 0.8125 0.1874998 0.8125 0.2499999 0.78125 0.25 0.8125 0.6875001 0.78125 0.6875001 0.78125 0.6250001 0.8125 0.125 0.8125 0.1874998 0.78125 0.1874998 0.8125 0.5625001 0.8125 0.6250001 0.78125 0.6250001 0.8125 0.125 0.78125 0.125 0.78125 0.06249988 0.8125 0.5625001 0.78125 0.5625001 0.7812499 0.5 0.8125 0.4375 0.8125 0.5 0.7812499 0.5 0.8125 0.9375001 0.78125 0.9375001 0.78125 0.8750001 0.78125 0.1874998 0.75 0.1874998 0.75 0.125 0.78125 0.6250001 0.75 0.6250001 0.75 0.5625 0.78125 0.06249988 0.78125 0.125 0.75 0.125 0.7812499 0.5 0.78125 0.5625001 0.75 0.5625 0.78125 0.4375 0.7812499 0.5 0.75 0.5 0.78125 0.8750001 0.78125 0.9375001 0.75 0.9375001 0.78125 0.375 0.78125 0.4375 0.75 0.4375 0.78125 0.8125002 0.78125 0.8750001 0.75 0.8750001 0.78125 0.375 0.75 0.375 0.75 0.3125001 0.78125 0.8125002 0.75 0.8125 0.75 0.7500001 0.78125 0.3124999 0.75 0.3125001 0.75 0.2499999 0.78125 0.7500001 0.75 0.7500001 0.75 0.6875 0.78125 0.25 0.75 0.2499999 0.75 0.1874998 0.78125 0.6250001 0.78125 0.6875001 0.75 0.6875</float_array>
          <technique_common>
            <accessor source="#Sphere-mesh-map-0-array" count="2880" stride="2">
              <param name="S" type="float"/>
              <param name="T" type="float"/>
            </accessor>
          </technique_common>
        </source>
        <vertices id="Sphere-mesh-vertices">
          <input semantic="POSITION" source="#Sphere-mesh-positions"/>
        </vertices>
        <triangles material="Material_002-material" count="960">
          <input semantic="VERTEX" source="#Sphere-mesh-vertices" offset="0"/>
          <input semantic="NORMAL" source="#Sphere-mesh-normals" offset="1"/>
          <input semantic="TEXCOORD" source="#Sphere-mesh-map-0" offset="2" set="0"/>
          <p>479 0 0 19 1 1 480 2 2 476 3 3 12 4 4 2 5 5 481 6 6 19 1 7 20 7 8 2 5 9 13 8 10 3 9 11 473 10 12 81 11 13 6 12 14 307 13 15 481 6 16 20 7 17 3 9 18 14 14 19 4 15 20 473 10 21 7 16 22 474 17 23 4 15 24 15 18 25 477 19 26 0 20 27 7 16 28 8 21 29 5 22 30 15 18 31 16 23 32 475 24 33 8 21 34 9 25 35 478 26 36 16 23 37 17 27 38 1 28 39 9 25 40 10 29 41 478 26 42 18 30 43 479 0 44 476 3 45 10 29 46 11 31 47 10 29 48 24 32 49 25 33 50 18 30 51 32 34 52 33 35 53 10 29 54 26 36 55 11 31 56 18 30 57 34 37 58 19 1 59 12 4 60 26 36 61 27 38 62 20 7 63 34 37 64 35 39 65 13 8 66 27 38 67 28 40 68 6 12 69 81 11 70 21 41 71 307 13 72 20 7 73 35 39 74 13 8 75 29 42 76 14 14 77 7 16 78 21 41 79 22 43 80 14 14 81 30 44 82 15 18 83 7 16 84 23 45 85 8 21 86 16 23 87 30 44 88 31 46 89 9 25 90 23 45 91 24 32 92 16 23 93 32 34 94 17 27 95 28 40 96 44 47 97 29 42 98 22 43 99 36 48 100 37 49 101 29 42 102 45 50 103 30 44 104 22 43 105 38 51 106 23 45 107 31 46 108 45 50 109 46 52 110 23 45 111 39 53 112 24 32 113 32 34 114 46 52 115 47 54 116 24 32 117 40 55 118 25 33 119 33 35 120 47 54 121 48 56 122 26 36 123 40 55 124 41 57 125 34 37 126 48 56 127 49 58 128 27 38 129 41 57 130 42 59 131 34 37 132 50 60 133 35 39 134 28 40 135 42 59 136 43 61 137 21 41 138 81 11 139 36 48 140 307 13 141 35 39 142 50 60 143 48 56 144 62 62 145 63 63 146 40 55 147 56 64 148 41 57 149 49 58 150 63 63 151 64 65 152 42 59 153 56 64 154 57 66 155 49 58 156 65 67 157 50 60 158 42 59 159 58 68 160 43 61 161 36 48 162 81 11 163 51 69 164 307 13 165 50 60 166 65 67 167 44 47 168 58 68 169 59 70 170 37 49 171 51 69 172 52 71 173 45 50 174 59 70 175 60 72 176 37 49 177 53 73 178 38 51 179 45 50 180 61 74 181 46 52 182 38 51 183 54 75 184 39 53 185 47 54 186 61 74 187 62 62 188 40 55 189 54 75 190 55 76 191 60 72 192 74 77 193 75 78 194 52 71 195 68 79 196 53 73 197 61 74 198 75 78 199 76 80 200 54 75 201 68 79 202 69 81 203 62 62 204 76 80 205 77 82 206 54 75 207 70 83 208 55 76 209 62 62 210 78 84 211 63 63 212 56 64 213 70 83 214 71 85 215 64 65 216 78 84 217 79 86 218 56 64 219 72 87 220 57 66 221 65 67 222 79 86 223 80 88 224 57 66 225 73 89 226 58 68 227 51 69 228 81 11 229 66 90 230 307 13 231 65 67 232 80 88 233 59 70 234 73 89 235 74 77 236 52 71 237 66 90 238 67 91 239 79 86 240 94 92 241 95 93 242 72 87 243 87 94 244 88 95 245 80 88 246 95 93 247 96 96 248 73 89 249 88 95 250 89 97 251 66 90 252 81 11 253 82 98 254 307 13 255 80 88 256 96 96 257 74 77 258 89 97 259 90 99 260 66 90 261 83 100 262 67 91 263 74 77 264 91 101 265 75 78 266 68 79 267 83 100 268 84 102 269 75 78 270 92 103 271 76 80 272 68 79 273 85 104 274 69 81 275 76 80 276 93 105 277 77 82 278 70 83 279 85 104 280 86 106 281 77 82 282 94 92 283 78 84 284 70 83 285 87 94 286 71 85 287 84 102 288 98 107 289 99 108 290 92 103 291 106 109 292 107 110 293 85 104 294 99 108 295 100 111 296 92 103 297 108 112 298 93 105 299 86 106 300 100 111 301 101 113 302 93 105 303 109 114 304 94 92 305 87 94 306 101 113 307 102 115 308 94 92 309 110 116 310 95 93 311 87 94 312 103 117 313 88 95 314 96 96 315 110 116 316 111 118 317 88 95 318 104 119 319 89 97 320 82 98 321 81 11 322 97 120 323 307 13 324 96 96 325 111 118 326 89 97 327 105 121 328 90 99 329 82 98 330 98 107 331 83 100 332 91 101 333 105 121 334 106 109 335 102 115 336 118 122 337 103 117 338 111 118 339 125 123 340 126 124 341 104 119 342 118 122 343 119 125 344 97 120 345 81 11 346 112 126 347 307 13 348 111 118 349 126 124 350 105 121 351 119 125 352 120 127 353 97 120 354 113 128 355 98 107 356 106 109 357 120 127 358 121 129 359 99 108 360 113 128 361 114 130 362 106 109 363 122 131 364 107 110 365 100 111 366 114 130 367 115 132 368 107 110 369 123 133 370 108 112 371 101 113 372 115 132 373 116 134 374 108 112 375 124 135 376 109 114 377 102 115 378 116 134 379 117 136 380 109 114 381 125 123 382 110 116 383 122 131 384 136 137 385 137 138 386 115 132 387 129 139 388 130 140 389 122 131 390 138 141 391 123 133 392 115 132 393 131 142 394 116 134 395 123 133 396 139 143 397 124 135 398 116 134 399 132 144 400 117 136 401 125 123 402 139 143 403 140 145 404 117 136 405 133 146 406 118 122 407 126 124 408 140 145 409 141 147 410 119 125 411 133 146 412 134 148 413 112 126 414 81 11 415 127 149 416 307 13 417 126 124 418 141 147 419 120 127 420 134 148 421 135 150 422 112 126 423 128 151 424 113 128 425 121 129 426 135 150 427 136 137 428 114 130 429 128 151 430 129 139 431 141 147 432 155 152 433 156 153 434 133 146 435 149 154 436 134 148 437 127 149 438 81 11 439 142 155 440 307 13 441 141 147 442 156 153 443 135 150 444 149 154 445 150 156 446 128 151 447 142 155 448 143 157 449 135 150 450 151 158 451 136 137 452 129 139 453 143 157 454 144 159 455 136 137 456 152 160 457 137 138 458 130 140 459 144 159 460 145 161 461 138 141 462 152 160 463 153 162 464 131 142 465 145 161 466 146 163 467 139 143 468 153 162 469 154 164 470 131 142 471 147 165 472 132 144 473 140 145 474 154 164 475 155 152 476 133 146 477 147 165 478 148 166 479 144 159 480 160 167 481 145 161 482 153 162 483 167 168 484 168 169 485 146 163 486 160 167 487 161 170 488 154 164 489 168 169 490 169 171 491 147 165 492 161 170 493 162 172 494 154 164 495 170 173 496 155 152 497 148 166 498 162 172 499 163 174 500 156 153 501 170 173 502 171 175 503 148 166 504 164 176 505 149 154 506 142 155 507 81 11 508 157 177 509 307 13 510 156 153 511 171 175 512 150 156 513 164 176 514 165 178 515 143 157 516 157 177 517 158 179 518 150 156 519 166 180 520 151 158 521 144 159 522 158 179 523 159 181 524 151 158 525 167 168 526 152 160 527 164 176 528 178 182 529 179 183 530 157 177 531 81 11 532 172 184 533 307 13 534 171 175 535 186 185 536 164 176 537 180 186 538 165 178 539 158 179 540 172 184 541 173 187 542 166 180 543 180 186 544 181 188 545 159 181 546 173 187 547 174 189 548 166 180 549 182 190 550 167 168 551 160 167 552 174 189 553 175 191 554 167 168 555 183 192 556 168 169 557 160 167 558 176 193 559 161 170 560 169 171 561 183 192 562 184 194 563 162 172 564 176 193 565 177 195 566 170 173 567 184 194 568 185 196 569 162 172 570 178 182 571 163 174 572 171 175 573 185 196 574 186 185 575 183 192 576 197 197 577 198 198 578 175 191 579 191 199 580 176 193 581 183 192 582 199 200 583 184 194 584 177 195 585 191 199 586 192 201 587 185 196 588 199 200 589 200 202 590 178 182 591 192 201 592 193 203 593 186 185 594 200 202 595 201 204 596 179 183 597 193 203 598 194 205 599 172 184 600 81 11 601 187 206 602 307 13 603 186 185 604 201 204 605 179 183 606 195 207 607 180 186 608 173 187 609 187 206 610 188 208 611 180 186 612 196 209 613 181 188 614 174 189 615 188 208 616 189 210 617 181 188 618 197 197 619 182 190 620 174 189 621 190 211 622 175 191 623 307 13 624 201 204 625 216 212 626 194 205 627 210 213 628 195 207 629 187 206 630 203 214 631 188 208 632 195 207 633 211 215 634 196 209 635 189 210 636 203 214 637 204 216 638 197 197 639 211 215 640 212 217 641 190 211 642 204 216 643 205 218 644 197 197 645 213 219 646 198 198 647 191 199 648 205 218 649 206 220 650 199 200 651 213 219 652 214 221 653 192 201 654 206 220 655 207 222 656 200 202 657 214 221 658 215 223 659 193 203 660 207 222 661 208 224 662 200 202 663 216 212 664 201 204 665 193 203 666 209 225 667 194 205 668 187 206 669 81 11 670 202 226 671 213 219 672 229 227 673 214 221 674 206 220 675 222 228 676 207 222 677 215 223 678 229 227 679 230 229 680 207 222 681 223 230 682 208 224 683 215 223 684 231 231 685 216 212 686 209 225 687 223 230 688 224 232 689 202 226 690 81 11 691 217 233 692 307 13 693 216 212 694 231 231 695 209 225 696 225 234 697 210 213 698 203 214 699 217 233 700 218 235 701 210 213 702 226 236 703 211 215 704 204 216 705 218 235 706 219 237 707 212 217 708 226 236 709 227 238 710 204 216 711 220 239 712 205 218 713 213 219 714 227 238 715 228 240 716 206 220 717 220 239 718 221 241 719 218 235 720 232 242 721 233 243 722 226 236 723 240 244 724 241 245 725 218 235 726 234 246 727 219 237 728 227 238 729 241 245 730 242 247 731 220 239 732 234 246 733 235 248 734 227 238 735 243 249 736 228 240 737 220 239 738 236 250 739 221 241 740 229 227 741 243 249 742 244 251 743 221 241 744 237 252 745 222 228 746 229 227 747 245 253 748 230 229 749 222 228 750 238 254 751 223 230 752 231 231 753 245 253 754 246 255 755 223 230 756 239 256 757 224 232 758 217 233 759 81 11 760 232 242 761 307 13 762 231 231 763 246 255 764 225 234 765 239 256 766 240 244 767 237 252 768 251 257 769 252 258 770 245 253 771 259 259 772 260 260 773 238 254 774 252 258 775 253 261 776 246 255 777 260 260 778 261 262 779 238 254 780 254 263 781 239 256 782 232 242 783 81 11 784 247 264 785 307 13 786 246 255 787 261 262 788 240 244 789 254 263 790 255 265 791 233 243 792 247 264 793 248 266 794 241 245 795 255 265 796 256 267 797 233 243 798 249 268 799 234 246 800 241 245 801 257 269 802 242 247 803 235 248 804 249 268 805 250 270 806 243 249 807 257 269 808 258 271 809 235 248 810 251 257 811 236 250 812 243 249 813 259 259 814 244 251 815 255 265 816 271 272 817 256 267 818 249 268 819 263 273 820 264 274 821 257 269 822 271 272 823 272 275 824 249 268 825 265 276 826 250 270 827 257 269 828 273 277 829 258 271 830 251 257 831 265 276 832 266 278 833 258 271 834 274 279 835 259 259 836 252 258 837 266 278 838 267 280 839 260 260 840 274 279 841 275 281 842 252 258 843 268 282 844 253 261 845 260 260 846 276 283 847 261 262 848 253 261 849 269 284 850 254 263 851 247 264 852 81 11 853 262 285 854 307 13 855 261 262 856 276 283 857 255 265 858 269 284 859 270 286 860 247 264 861 263 273 862 248 266 863 275 281 864 289 287 865 290 288 866 268 282 867 282 289 868 283 290 869 275 281 870 291 291 871 276 283 872 269 284 873 283 290 874 284 292 875 262 285 876 81 11 877 277 293 878 307 13 879 276 283 880 291 291 881 269 284 882 285 294 883 270 286 884 262 285 885 278 295 886 263 273 887 270 286 888 286 296 889 271 272 890 264 274 891 278 295 892 279 297 893 271 272 894 287 298 895 272 275 896 265 276 897 279 297 898 280 299 899 272 275 900 288 300 901 273 277 902 265 276 903 281 301 904 266 278 905 274 279 906 288 300 907 289 287 908 267 280 909 281 301 910 282 289 911 278 295 912 294 302 913 279 297 914 286 296 915 302 303 916 287 298 917 280 299 918 294 302 919 295 304 920 287 298 921 303 305 922 288 300 923 280 299 924 296 306 925 281 301 926 288 300 927 304 307 928 289 287 929 281 301 930 297 308 931 282 289 932 290 288 933 304 307 934 305 309 935 283 290 936 297 308 937 298 310 938 290 288 939 306 311 940 291 291 941 284 292 942 298 310 943 299 312 944 277 293 945 81 11 946 292 313 947 307 13 948 291 291 949 306 311 950 285 294 951 299 312 952 300 314 953 277 293 954 293 315 955 278 295 956 285 294 957 301 316 958 286 296 959 297 308 960 314 317 961 298 310 962 305 309 963 322 318 964 306 311 965 299 312 966 314 317 967 315 319 968 292 313 969 81 11 970 308 320 971 307 13 972 306 311 973 322 318 974 299 312 975 316 321 976 300 314 977 293 315 978 308 320 979 309 322 980 300 314 981 317 323 982 301 316 983 293 315 984 310 324 985 294 302 986 301 316 987 318 325 988 302 303 989 295 304 990 310 324 991 311 326 992 302 303 993 319 327 994 303 305 995 295 304 996 312 328 997 296 306 998 303 305 999 320 329 1000 304 307 1001 297 308 1002 312 328 1003 313 330 1004 304 307 1005 321 331 1006 305 309 1007 318 325 1008 332 332 1009 333 333 1010 311 326 1011 325 334 1012 326 335 1013 319 327 1014 333 333 1015 334 336 1016 312 328 1017 326 335 1018 327 337 1019 319 327 1020 335 338 1021 320 329 1022 313 330 1023 327 337 1024 328 339 1025 320 329 1026 336 340 1027 321 331 1028 314 317 1029 328 339 1030 329 341 1031 321 331 1032 337 342 1033 322 318 1034 314 317 1035 330 343 1036 315 319 1037 308 320 1038 81 11 1039 323 344 1040 307 13 1041 322 318 1042 337 342 1043 315 319 1044 331 345 1045 316 321 1046 308 320 1047 324 346 1048 309 322 1049 316 321 1050 332 332 1051 317 323 1052 309 322 1053 325 334 1054 310 324 1055 336 340 1056 352 347 1057 337 342 1058 330 343 1059 344 348 1060 345 349 1061 323 344 1062 81 11 1063 338 350 1064 307 13 1065 337 342 1066 352 347 1067 331 345 1068 345 349 1069 346 351 1070 323 344 1071 339 352 1072 324 346 1073 332 332 1074 346 351 1075 347 353 1076 324 346 1077 340 354 1078 325 334 1079 332 332 1080 348 355 1081 333 333 1082 325 334 1083 341 356 1084 326 335 1085 334 336 1086 348 355 1087 349 357 1088 327 337 1089 341 356 1090 342 358 1091 334 336 1092 350 359 1093 335 338 1094 327 337 1095 343 360 1096 328 339 1097 335 338 1098 351 361 1099 336 340 1100 328 339 1101 344 348 1102 329 341 1103 349 357 1104 363 362 1105 364 363 1106 341 356 1107 357 364 1108 342 358 1109 350 359 1110 364 363 1111 365 365 1112 342 358 1113 358 366 1114 343 360 1115 350 359 1116 366 367 1117 351 361 1118 344 348 1119 358 366 1120 359 368 1121 351 361 1122 367 369 1123 352 347 1124 344 348 1125 360 370 1126 345 349 1127 338 350 1128 81 11 1129 353 371 1130 307 13 1131 352 347 1132 367 369 1133 346 351 1134 360 370 1135 361 372 1136 339 352 1137 353 371 1138 354 373 1139 347 353 1140 361 372 1141 362 374 1142 339 352 1143 355 375 1144 340 354 1145 348 355 1146 362 374 1147 363 362 1148 340 354 1149 356 376 1150 341 356 1151 353 371 1152 81 11 1153 368 377 1154 307 13 1155 367 369 1156 382 378 1157 361 372 1158 375 379 1159 376 380 1160 354 373 1161 368 377 1162 369 381 1163 361 372 1164 377 382 1165 362 374 1166 354 373 1167 370 383 1168 355 375 1169 363 362 1170 377 382 1171 378 384 1172 355 375 1173 371 385 1174 356 376 1175 364 363 1176 378 384 1177 379 386 1178 356 376 1179 372 387 1180 357 364 1181 365 365 1182 379 386 1183 380 388 1184 357 364 1185 373 389 1186 358 366 1187 365 365 1188 381 390 1189 366 367 1190 359 368 1191 373 389 1192 374 391 1193 366 367 1194 382 378 1195 367 369 1196 360 370 1197 374 391 1198 375 379 1199 371 385 1200 387 392 1201 372 387 1202 380 388 1203 394 393 1204 395 394 1205 373 389 1206 387 392 1207 388 395 1208 380 388 1209 396 396 1210 381 390 1211 374 391 1212 388 395 1213 389 397 1214 381 390 1215 397 398 1216 382 378 1217 375 379 1218 389 397 1219 390 399 1220 368 377 1221 81 11 1222 383 400 1223 307 13 1224 382 378 1225 397 398 1226 376 380 1227 390 399 1228 391 401 1229 368 377 1230 384 402 1231 369 381 1232 376 380 1233 392 403 1234 377 382 1235 370 383 1236 384 402 1237 385 404 1238 378 384 1239 392 403 1240 393 405 1241 371 385 1242 385 404 1243 386 406 1244 379 386 1245 393 405 1246 394 393 1247 390 399 1248 406 407 1249 391 401 1250 384 402 1251 398 408 1252 399 409 1253 392 403 1254 406 407 1255 407 410 1256 385 404 1257 399 409 1258 400 411 1259 393 405 1260 407 410 1261 408 412 1262 385 404 1263 401 413 1264 386 406 1265 393 405 1266 409 414 1267 394 393 1268 386 406 1269 402 415 1270 387 392 1271 394 393 1272 410 416 1273 395 394 1274 387 392 1275 403 417 1276 388 395 1277 396 396 1278 410 416 1279 411 418 1280 389 397 1281 403 417 1282 404 419 1283 396 396 1284 412 420 1285 397 398 1286 389 397 1287 405 421 1288 390 399 1289 383 400 1290 81 11 1291 398 408 1292 307 13 1293 397 398 1294 412 420 1295 410 416 1296 424 422 1297 425 423 1298 402 415 1299 418 424 1300 403 417 1301 411 418 1302 425 423 1303 426 425 1304 403 417 1305 419 426 1306 404 419 1307 411 418 1308 427 427 1309 412 420 1310 405 421 1311 419 426 1312 420 428 1313 398 408 1314 81 11 1315 413 429 1316 307 13 1317 412 420 1318 427 427 1319 405 421 1320 421 430 1321 406 407 1322 398 408 1323 414 431 1324 399 409 1325 406 407 1326 422 432 1327 407 410 1328 400 411 1329 414 431 1330 415 433 1331 407 410 1332 423 434 1333 408 412 1334 400 411 1335 416 435 1336 401 413 1337 408 412 1338 424 422 1339 409 414 1340 402 415 1341 416 435 1342 417 436 1343 413 429 1344 429 437 1345 414 431 1346 422 432 1347 436 438 1348 437 439 1349 414 431 1350 430 440 1351 415 433 1352 422 432 1353 438 441 1354 423 434 1355 416 435 1356 430 440 1357 431 442 1358 424 422 1359 438 441 1360 439 443 1361 416 435 1362 432 444 1363 417 436 1364 424 422 1365 440 445 1366 425 423 1367 417 436 1368 433 446 1369 418 424 1370 426 425 1371 440 445 1372 441 447 1373 419 426 1374 433 446 1375 434 448 1376 427 427 1377 441 447 1378 442 449 1379 420 428 1380 434 448 1381 435 450 1382 413 429 1383 81 11 1384 428 451 1385 307 13 1386 427 427 1387 442 449 1388 421 430 1389 435 450 1390 436 438 1391 433 446 1392 447 452 1393 448 453 1394 441 447 1395 455 454 1396 456 455 1397 433 446 1398 449 456 1399 434 448 1400 441 447 1401 457 457 1402 442 449 1403 435 450 1404 449 456 1405 450 458 1406 428 451 1407 81 11 1408 443 459 1409 307 13 1410 442 449 1411 457 457 1412 436 438 1413 450 458 1414 451 460 1415 428 451 1416 444 461 1417 429 437 1418 437 439 1419 451 460 1420 452 462 1421 430 440 1422 444 461 1423 445 463 1424 438 441 1425 452 462 1426 453 464 1427 430 440 1428 446 465 1429 431 442 1430 439 443 1431 453 464 1432 454 466 1433 432 444 1434 446 465 1435 447 452 1436 439 443 1437 455 454 1438 440 445 1439 452 462 1440 466 467 1441 467 468 1442 445 463 1443 459 469 1444 460 470 1445 452 462 1446 468 471 1447 453 464 1448 445 463 1449 461 472 1450 446 465 1451 453 464 1452 469 473 1453 454 466 1454 447 452 1455 461 472 1456 462 474 1457 455 454 1458 469 473 1459 470 475 1460 447 452 1461 463 476 1462 448 453 1463 456 455 1464 470 475 1465 471 477 1466 449 456 1467 463 476 1468 464 478 1469 456 455 1470 472 479 1471 457 457 1472 449 456 1473 465 480 1474 450 458 1475 443 459 1476 81 11 1477 458 481 1478 307 13 1479 457 457 1480 472 479 1481 451 460 1482 465 480 1483 466 467 1484 443 459 1485 459 469 1486 444 461 1487 470 475 1488 480 2 1489 471 477 1490 463 476 1491 2 5 1492 464 478 1493 472 479 1494 480 2 1495 481 6 1496 465 480 1497 2 5 1498 3 9 1499 458 481 1500 81 11 1501 473 10 1502 307 13 1503 472 479 1504 481 6 1505 466 467 1506 3 9 1507 4 15 1508 459 469 1509 473 10 1510 474 17 1511 467 468 1512 4 15 1513 477 19 1514 460 470 1515 474 17 1516 0 20 1517 467 468 1518 5 22 1519 468 471 1520 460 470 1521 475 24 1522 461 472 1523 468 471 1524 478 26 1525 469 473 1526 461 472 1527 1 28 1528 462 474 1529 469 473 1530 479 0 1531 470 475 1532 463 476 1533 1 28 1534 476 3 1535 479 0 1536 18 30 1537 19 1 1538 476 3 1539 11 31 1540 12 4 1541 481 6 1542 480 2 1543 19 1 1544 2 5 1545 12 4 1546 13 8 1547 3 9 1548 13 8 1549 14 14 1550 473 10 1551 6 12 1552 7 16 1553 4 15 1554 14 14 1555 15 18 1556 0 20 1557 474 17 1558 7 16 1559 5 22 1560 477 19 1561 15 18 1562 475 24 1563 0 20 1564 8 21 1565 478 26 1566 5 22 1567 16 23 1568 1 28 1569 475 24 1570 9 25 1571 478 26 1572 17 27 1573 18 30 1574 476 3 1575 1 28 1576 10 29 1577 10 29 1578 9 25 1579 24 32 1580 18 30 1581 17 27 1582 32 34 1583 10 29 1584 25 33 1585 26 36 1586 18 30 1587 33 35 1588 34 37 1589 12 4 1590 11 31 1591 26 36 1592 20 7 1593 19 1 1594 34 37 1595 13 8 1596 12 4 1597 27 38 1598 13 8 1599 28 40 1600 29 42 1601 7 16 1602 6 12 1603 21 41 1604 14 14 1605 29 42 1606 30 44 1607 7 16 1608 22 43 1609 23 45 1610 16 23 1611 15 18 1612 30 44 1613 9 25 1614 8 21 1615 23 45 1616 16 23 1617 31 46 1618 32 34 1619 28 40 1620 43 61 1621 44 47 1622 22 43 1623 21 41 1624 36 48 1625 29 42 1626 44 47 1627 45 50 1628 22 43 1629 37 49 1630 38 51 1631 31 46 1632 30 44 1633 45 50 1634 23 45 1635 38 51 1636 39 53 1637 32 34 1638 31 46 1639 46 52 1640 24 32 1641 39 53 1642 40 55 1643 33 35 1644 32 34 1645 47 54 1646 26 36 1647 25 33 1648 40 55 1649 34 37 1650 33 35 1651 48 56 1652 27 38 1653 26 36 1654 41 57 1655 34 37 1656 49 58 1657 50 60 1658 28 40 1659 27 38 1660 42 59 1661 48 56 1662 47 54 1663 62 62 1664 40 55 1665 55 76 1666 56 64 1667 49 58 1668 48 56 1669 63 63 1670 42 59 1671 41 57 1672 56 64 1673 49 58 1674 64 65 1675 65 67 1676 42 59 1677 57 66 1678 58 68 1679 44 47 1680 43 61 1681 58 68 1682 37 49 1683 36 48 1684 51 69 1685 45 50 1686 44 47 1687 59 70 1688 37 49 1689 52 71 1690 53 73 1691 45 50 1692 60 72 1693 61 74 1694 38 51 1695 53 73 1696 54 75 1697 47 54 1698 46 52 1699 61 74 1700 40 55 1701 39 53 1702 54 75 1703 60 72 1704 59 70 1705 74 77 1706 52 71 1707 67 91 1708 68 79 1709 61 74 1710 60 72 1711 75 78 1712 54 75 1713 53 73 1714 68 79 1715 62 62 1716 61 74 1717 76 80 1718 54 75 1719 69 81 1720 70 83 1721 62 62 1722 77 82 1723 78 84 1724 56 64 1725 55 76 1726 70 83 1727 64 65 1728 63 63 1729 78 84 1730 56 64 1731 71 85 1732 72 87 1733 65 67 1734 64 65 1735 79 86 1736 57 66 1737 72 87 1738 73 89 1739 59 70 1740 58 68 1741 73 89 1742 52 71 1743 51 69 1744 66 90 1745 79 86 1746 78 84 1747 94 92 1748 72 87 1749 71 85 1750 87 94 1751 80 88 1752 79 86 1753 95 93 1754 73 89 1755 72 87 1756 88 95 1757 74 77 1758 73 89 1759 89 97 1760 66 90 1761 82 98 1762 83 100 1763 74 77 1764 90 99 1765 91 101 1766 68 79 1767 67 91 1768 83 100 1769 75 78 1770 91 101 1771 92 103 1772 68 79 1773 84 102 1774 85 104 1775 76 80 1776 92 103 1777 93 105 1778 70 83 1779 69 81 1780 85 104 1781 77 82 1782 93 105 1783 94 92 1784 70 83 1785 86 106 1786 87 94 1787 84 102 1788 83 100 1789 98 107 1790 92 103 1791 91 101 1792 106 109 1793 85 104 1794 84 102 1795 99 108 1796 92 103 1797 107 110 1798 108 112 1799 86 106 1800 85 104 1801 100 111 1802 93 105 1803 108 112 1804 109 114 1805 87 94 1806 86 106 1807 101 113 1808 94 92 1809 109 114 1810 110 116 1811 87 94 1812 102 115 1813 103 117 1814 96 96 1815 95 93 1816 110 116 1817 88 95 1818 103 117 1819 104 119 1820 89 97 1821 104 119 1822 105 121 1823 82 98 1824 97 120 1825 98 107 1826 91 101 1827 90 99 1828 105 121 1829 102 115 1830 117 136 1831 118 122 1832 111 118 1833 110 116 1834 125 123 1835 104 119 1836 103 117 1837 118 122 1838 105 121 1839 104 119 1840 119 125 1841 97 120 1842 112 126 1843 113 128 1844 106 109 1845 105 121 1846 120 127 1847 99 108 1848 98 107 1849 113 128 1850 106 109 1851 121 129 1852 122 131 1853 100 111 1854 99 108 1855 114 130 1856 107 110 1857 122 131 1858 123 133 1859 101 113 1860 100 111 1861 115 132 1862 108 112 1863 123 133 1864 124 135 1865 102 115 1866 101 113 1867 116 134 1868 109 114 1869 124 135 1870 125 123 1871 122 131 1872 121 129 1873 136 137 1874 115 132 1875 114 130 1876 129 139 1877 122 131 1878 137 138 1879 138 141 1880 115 132 1881 130 140 1882 131 142 1883 123 133 1884 138 141 1885 139 143 1886 116 134 1887 131 142 1888 132 144 1889 125 123 1890 124 135 1891 139 143 1892 117 136 1893 132 144 1894 133 146 1895 126 124 1896 125 123 1897 140 145 1898 119 125 1899 118 122 1900 133 146 1901 120 127 1902 119 125 1903 134 148 1904 112 126 1905 127 149 1906 128 151 1907 121 129 1908 120 127 1909 135 150 1910 114 130 1911 113 128 1912 128 151 1913 141 147 1914 140 145 1915 155 152 1916 133 146 1917 148 166 1918 149 154 1919 135 150 1920 134 148 1921 149 154 1922 128 151 1923 127 149 1924 142 155 1925 135 150 1926 150 156 1927 151 158 1928 129 139 1929 128 151 1930 143 157 1931 136 137 1932 151 158 1933 152 160 1934 130 140 1935 129 139 1936 144 159 1937 138 141 1938 137 138 1939 152 160 1940 131 142 1941 130 140 1942 145 161 1943 139 143 1944 138 141 1945 153 162 1946 131 142 1947 146 163 1948 147 165 1949 140 145 1950 139 143 1951 154 164 1952 133 146 1953 132 144 1954 147 165 1955 144 159 1956 159 181 1957 160 167 1958 153 162 1959 152 160 1960 167 168 1961 146 163 1962 145 161 1963 160 167 1964 154 164 1965 153 162 1966 168 169 1967 147 165 1968 146 163 1969 161 170 1970 154 164 1971 169 171 1972 170 173 1973 148 166 1974 147 165 1975 162 172 1976 156 153 1977 155 152 1978 170 173 1979 148 166 1980 163 174 1981 164 176 1982 150 156 1983 149 154 1984 164 176 1985 143 157 1986 142 155 1987 157 177 1988 150 156 1989 165 178 1990 166 180 1991 144 159 1992 143 157 1993 158 179 1994 151 158 1995 166 180 1996 167 168 1997 164 176 1998 163 174 1999 178 182 2000 164 176 2001 179 183 2002 180 186 2003 158 179 2004 157 177 2005 172 184 2006 166 180 2007 165 178 2008 180 186 2009 159 181 2010 158 179 2011 173 187 2012 166 180 2013 181 188 2014 182 190 2015 160 167 2016 159 181 2017 174 189 2018 167 168 2019 182 190 2020 183 192 2021 160 167 2022 175 191 2023 176 193 2024 169 171 2025 168 169 2026 183 192 2027 162 172 2028 161 170 2029 176 193 2030 170 173 2031 169 171 2032 184 194 2033 162 172 2034 177 195 2035 178 182 2036 171 175 2037 170 173 2038 185 196 2039 183 192 2040 182 190 2041 197 197 2042 175 191 2043 190 211 2044 191 199 2045 183 192 2046 198 198 2047 199 200 2048 177 195 2049 176 193 2050 191 199 2051 185 196 2052 184 194 2053 199 200 2054 178 182 2055 177 195 2056 192 201 2057 186 185 2058 185 196 2059 200 202 2060 179 183 2061 178 182 2062 193 203 2063 179 183 2064 194 205 2065 195 207 2066 173 187 2067 172 184 2068 187 206 2069 180 186 2070 195 207 2071 196 209 2072 174 189 2073 173 187 2074 188 208 2075 181 188 2076 196 209 2077 197 197 2078 174 189 2079 189 210 2080 190 211 2081 194 205 2082 209 225 2083 210 213 2084 187 206 2085 202 226 2086 203 214 2087 195 207 2088 210 213 2089 211 215 2090 189 210 2091 188 208 2092 203 214 2093 197 197 2094 196 209 2095 211 215 2096 190 211 2097 189 210 2098 204 216 2099 197 197 2100 212 217 2101 213 219 2102 191 199 2103 190 211 2104 205 218 2105 199 200 2106 198 198 2107 213 219 2108 192 201 2109 191 199 2110 206 220 2111 200 202 2112 199 200 2113 214 221 2114 193 203 2115 192 201 2116 207 222 2117 200 202 2118 215 223 2119 216 212 2120 193 203 2121 208 224 2122 209 225 2123 213 219 2124 228 240 2125 229 227 2126 206 220 2127 221 241 2128 222 228 2129 215 223 2130 214 221 2131 229 227 2132 207 222 2133 222 228 2134 223 230 2135 215 223 2136 230 229 2137 231 231 2138 209 225 2139 208 224 2140 223 230 2141 209 225 2142 224 232 2143 225 234 2144 203 214 2145 202 226 2146 217 233 2147 210 213 2148 225 234 2149 226 236 2150 204 216 2151 203 214 2152 218 235 2153 212 217 2154 211 215 2155 226 236 2156 204 216 2157 219 237 2158 220 239 2159 213 219 2160 212 217 2161 227 238 2162 206 220 2163 205 218 2164 220 239 2165 218 235 2166 217 233 2167 232 242 2168 226 236 2169 225 234 2170 240 244 2171 218 235 2172 233 243 2173 234 246 2174 227 238 2175 226 236 2176 241 245 2177 220 239 2178 219 237 2179 234 246 2180 227 238 2181 242 247 2182 243 249 2183 220 239 2184 235 248 2185 236 250 2186 229 227 2187 228 240 2188 243 249 2189 221 241 2190 236 250 2191 237 252 2192 229 227 2193 244 251 2194 245 253 2195 222 228 2196 237 252 2197 238 254 2198 231 231 2199 230 229 2200 245 253 2201 223 230 2202 238 254 2203 239 256 2204 225 234 2205 224 232 2206 239 256 2207 237 252 2208 236 250 2209 251 257 2210 245 253 2211 244 251 2212 259 259 2213 238 254 2214 237 252 2215 252 258 2216 246 255 2217 245 253 2218 260 260 2219 238 254 2220 253 261 2221 254 263 2222 240 244 2223 239 256 2224 254 263 2225 233 243 2226 232 242 2227 247 264 2228 241 245 2229 240 244 2230 255 265 2231 233 243 2232 248 266 2233 249 268 2234 241 245 2235 256 267 2236 257 269 2237 235 248 2238 234 246 2239 249 268 2240 243 249 2241 242 247 2242 257 269 2243 235 248 2244 250 270 2245 251 257 2246 243 249 2247 258 271 2248 259 259 2249 255 265 2250 270 286 2251 271 272 2252 249 268 2253 248 266 2254 263 273 2255 257 269 2256 256 267 2257 271 272 2258 249 268 2259 264 274 2260 265 276 2261 257 269 2262 272 275 2263 273 277 2264 251 257 2265 250 270 2266 265 276 2267 258 271 2268 273 277 2269 274 279 2270 252 258 2271 251 257 2272 266 278 2273 260 260 2274 259 259 2275 274 279 2276 252 258 2277 267 280 2278 268 282 2279 260 260 2280 275 281 2281 276 283 2282 253 261 2283 268 282 2284 269 284 2285 255 265 2286 254 263 2287 269 284 2288 247 264 2289 262 285 2290 263 273 2291 275 281 2292 274 279 2293 289 287 2294 268 282 2295 267 280 2296 282 289 2297 275 281 2298 290 288 2299 291 291 2300 269 284 2301 268 282 2302 283 290 2303 269 284 2304 284 292 2305 285 294 2306 262 285 2307 277 293 2308 278 295 2309 270 286 2310 285 294 2311 286 296 2312 264 274 2313 263 273 2314 278 295 2315 271 272 2316 286 296 2317 287 298 2318 265 276 2319 264 274 2320 279 297 2321 272 275 2322 287 298 2323 288 300 2324 265 276 2325 280 299 2326 281 301 2327 274 279 2328 273 277 2329 288 300 2330 267 280 2331 266 278 2332 281 301 2333 278 295 2334 293 315 2335 294 302 2336 286 296 2337 301 316 2338 302 303 2339 280 299 2340 279 297 2341 294 302 2342 287 298 2343 302 303 2344 303 305 2345 280 299 2346 295 304 2347 296 306 2348 288 300 2349 303 305 2350 304 307 2351 281 301 2352 296 306 2353 297 308 2354 290 288 2355 289 287 2356 304 307 2357 283 290 2358 282 289 2359 297 308 2360 290 288 2361 305 309 2362 306 311 2363 284 292 2364 283 290 2365 298 310 2366 285 294 2367 284 292 2368 299 312 2369 277 293 2370 292 313 2371 293 315 2372 285 294 2373 300 314 2374 301 316 2375 297 308 2376 313 330 2377 314 317 2378 305 309 2379 321 331 2380 322 318 2381 299 312 2382 298 310 2383 314 317 2384 299 312 2385 315 319 2386 316 321 2387 293 315 2388 292 313 2389 308 320 2390 300 314 2391 316 321 2392 317 323 2393 293 315 2394 309 322 2395 310 324 2396 301 316 2397 317 323 2398 318 325 2399 295 304 2400 294 302 2401 310 324 2402 302 303 2403 318 325 2404 319 327 2405 295 304 2406 311 326 2407 312 328 2408 303 305 2409 319 327 2410 320 329 2411 297 308 2412 296 306 2413 312 328 2414 304 307 2415 320 329 2416 321 331 2417 318 325 2418 317 323 2419 332 332 2420 311 326 2421 310 324 2422 325 334 2423 319 327 2424 318 325 2425 333 333 2426 312 328 2427 311 326 2428 326 335 2429 319 327 2430 334 336 2431 335 338 2432 313 330 2433 312 328 2434 327 337 2435 320 329 2436 335 338 2437 336 340 2438 314 317 2439 313 330 2440 328 339 2441 321 331 2442 336 340 2443 337 342 2444 314 317 2445 329 341 2446 330 343 2447 315 319 2448 330 343 2449 331 345 2450 308 320 2451 323 344 2452 324 346 2453 316 321 2454 331 345 2455 332 332 2456 309 322 2457 324 346 2458 325 334 2459 336 340 2460 351 361 2461 352 347 2462 330 343 2463 329 341 2464 344 348 2465 331 345 2466 330 343 2467 345 349 2468 323 344 2469 338 350 2470 339 352 2471 332 332 2472 331 345 2473 346 351 2474 324 346 2475 339 352 2476 340 354 2477 332 332 2478 347 353 2479 348 355 2480 325 334 2481 340 354 2482 341 356 2483 334 336 2484 333 333 2485 348 355 2486 327 337 2487 326 335 2488 341 356 2489 334 336 2490 349 357 2491 350 359 2492 327 337 2493 342 358 2494 343 360 2495 335 338 2496 350 359 2497 351 361 2498 328 339 2499 343 360 2500 344 348 2501 349 357 2502 348 355 2503 363 362 2504 341 356 2505 356 376 2506 357 364 2507 350 359 2508 349 357 2509 364 363 2510 342 358 2511 357 364 2512 358 366 2513 350 359 2514 365 365 2515 366 367 2516 344 348 2517 343 360 2518 358 366 2519 351 361 2520 366 367 2521 367 369 2522 344 348 2523 359 368 2524 360 370 2525 346 351 2526 345 349 2527 360 370 2528 339 352 2529 338 350 2530 353 371 2531 347 353 2532 346 351 2533 361 372 2534 339 352 2535 354 373 2536 355 375 2537 348 355 2538 347 353 2539 362 374 2540 340 354 2541 355 375 2542 356 376 2543 361 372 2544 360 370 2545 375 379 2546 354 373 2547 353 371 2548 368 377 2549 361 372 2550 376 380 2551 377 382 2552 354 373 2553 369 381 2554 370 383 2555 363 362 2556 362 374 2557 377 382 2558 355 375 2559 370 383 2560 371 385 2561 364 363 2562 363 362 2563 378 384 2564 356 376 2565 371 385 2566 372 387 2567 365 365 2568 364 363 2569 379 386 2570 357 364 2571 372 387 2572 373 389 2573 365 365 2574 380 388 2575 381 390 2576 359 368 2577 358 366 2578 373 389 2579 366 367 2580 381 390 2581 382 378 2582 360 370 2583 359 368 2584 374 391 2585 371 385 2586 386 406 2587 387 392 2588 380 388 2589 379 386 2590 394 393 2591 373 389 2592 372 387 2593 387 392 2594 380 388 2595 395 394 2596 396 396 2597 374 391 2598 373 389 2599 388 395 2600 381 390 2601 396 396 2602 397 398 2603 375 379 2604 374 391 2605 389 397 2606 376 380 2607 375 379 2608 390 399 2609 368 377 2610 383 400 2611 384 402 2612 376 380 2613 391 401 2614 392 403 2615 370 383 2616 369 381 2617 384 402 2618 378 384 2619 377 382 2620 392 403 2621 371 385 2622 370 383 2623 385 404 2624 379 386 2625 378 384 2626 393 405 2627 390 399 2628 405 421 2629 406 407 2630 384 402 2631 383 400 2632 398 408 2633 392 403 2634 391 401 2635 406 407 2636 385 404 2637 384 402 2638 399 409 2639 393 405 2640 392 403 2641 407 410 2642 385 404 2643 400 411 2644 401 413 2645 393 405 2646 408 412 2647 409 414 2648 386 406 2649 401 413 2650 402 415 2651 394 393 2652 409 414 2653 410 416 2654 387 392 2655 402 415 2656 403 417 2657 396 396 2658 395 394 2659 410 416 2660 389 397 2661 388 395 2662 403 417 2663 396 396 2664 411 418 2665 412 420 2666 389 397 2667 404 419 2668 405 421 2669 410 416 2670 409 414 2671 424 422 2672 402 415 2673 417 436 2674 418 424 2675 411 418 2676 410 416 2677 425 423 2678 403 417 2679 418 424 2680 419 426 2681 411 418 2682 426 425 2683 427 427 2684 405 421 2685 404 419 2686 419 426 2687 405 421 2688 420 428 2689 421 430 2690 398 408 2691 413 429 2692 414 431 2693 406 407 2694 421 430 2695 422 432 2696 400 411 2697 399 409 2698 414 431 2699 407 410 2700 422 432 2701 423 434 2702 400 411 2703 415 433 2704 416 435 2705 408 412 2706 423 434 2707 424 422 2708 402 415 2709 401 413 2710 416 435 2711 413 429 2712 428 451 2713 429 437 2714 422 432 2715 421 430 2716 436 438 2717 414 431 2718 429 437 2719 430 440 2720 422 432 2721 437 439 2722 438 441 2723 416 435 2724 415 433 2725 430 440 2726 424 422 2727 423 434 2728 438 441 2729 416 435 2730 431 442 2731 432 444 2732 424 422 2733 439 443 2734 440 445 2735 417 436 2736 432 444 2737 433 446 2738 426 425 2739 425 423 2740 440 445 2741 419 426 2742 418 424 2743 433 446 2744 427 427 2745 426 425 2746 441 447 2747 420 428 2748 419 426 2749 434 448 2750 421 430 2751 420 428 2752 435 450 2753 433 446 2754 432 444 2755 447 452 2756 441 447 2757 440 445 2758 455 454 2759 433 446 2760 448 453 2761 449 456 2762 441 447 2763 456 455 2764 457 457 2765 435 450 2766 434 448 2767 449 456 2768 436 438 2769 435 450 2770 450 458 2771 428 451 2772 443 459 2773 444 461 2774 437 439 2775 436 438 2776 451 460 2777 430 440 2778 429 437 2779 444 461 2780 438 441 2781 437 439 2782 452 462 2783 430 440 2784 445 463 2785 446 465 2786 439 443 2787 438 441 2788 453 464 2789 432 444 2790 431 442 2791 446 465 2792 439 443 2793 454 466 2794 455 454 2795 452 462 2796 451 460 2797 466 467 2798 445 463 2799 444 461 2800 459 469 2801 452 462 2802 467 468 2803 468 471 2804 445 463 2805 460 470 2806 461 472 2807 453 464 2808 468 471 2809 469 473 2810 447 452 2811 446 465 2812 461 472 2813 455 454 2814 454 466 2815 469 473 2816 447 452 2817 462 474 2818 463 476 2819 456 455 2820 455 454 2821 470 475 2822 449 456 2823 448 453 2824 463 476 2825 456 455 2826 471 477 2827 472 479 2828 449 456 2829 464 478 2830 465 480 2831 451 460 2832 450 458 2833 465 480 2834 443 459 2835 458 481 2836 459 469 2837 470 475 2838 479 0 2839 480 2 2840 463 476 2841 476 3 2842 2 5 2843 472 479 2844 471 477 2845 480 2 2846 465 480 2847 464 478 2848 2 5 2849 466 467 2850 465 480 2851 3 9 2852 459 469 2853 458 481 2854 473 10 2855 467 468 2856 466 467 2857 4 15 2858 460 470 2859 459 469 2860 474 17 2861 467 468 2862 477 19 2863 5 22 2864 460 470 2865 0 20 2866 475 24 2867 468 471 2868 5 22 2869 478 26 2870 461 472 2871 475 24 2872 1 28 2873 469 473 2874 478 26 2875 479 0 2876 463 476 2877 462 474 2878 1 28 2879</p>
        </triangles>
      </mesh>
    </geometry>
  </library_geometries>
  <library_visual_scenes>
    <visual_scene id="Scene" name="Scene">
      <node id="Cylinder_001" name="Cylinder.001" type="NODE">
        <matrix sid="transform">0.6577517 0 0 0.1444034 0 0.6577517 0 -0.6274278 0 0 0.6577517 0.9360363 0 0 0 1</matrix>
        <instance_geometry url="#Cylinder_005-mesh" name="Cylinder.001">
          <bind_material>
            <technique_common>
              <instance_material symbol="Material_003-material" target="#Material_003-material">
                <bind_vertex_input semantic="Cylinder_004-mesh-map-0" input_semantic="TEXCOORD" input_set="0"/>
              </instance_material>
            </technique_common>
          </bind_material>
        </instance_geometry>
      </node>
      <node id="Sphere" name="Sphere" type="NODE">
        <matrix sid="transform">0.1 0 0 0.1441616 0 0.1 0 -0.6355736 0 0 0.1 0.8294334 0 0 0 1</matrix>
        <instance_geometry url="#Sphere-mesh" name="Sphere">
          <bind_material>
            <technique_common>
              <instance_material symbol="Material_002-material" target="#Material_002-material">
                <bind_vertex_input semantic="UVMap" input_semantic="TEXCOORD" input_set="0"/>
              </instance_material>
            </technique_common>
          </bind_material>
        </instance_geometry>
      </node>
    </visual_scene>
  </library_visual_scenes>
  <scene>
    <instance_visual_scene url="#Scene"/>
  </scene>
</COLLADA>